MetroShort,2010 Population,2019 Population,total_deaths,area,land_area,estab_count,density,density2019,deaths_capita,AREA,Msa,MsaName,end,teleworkable_manual_emp,teleworkable_manual_wage,wfh_emp,wfh_wage,MetroState,price_level
"Abilene, TX",175821,181482,67939.855076217,4120.11506023166,4100.407825868726,6262,42.87890557880056,44.25949995877559,0.37436139714251004,10180,"Abilene, TX",Abilene,TX,0.27246296,0.30905688,0.32867125,0.3575404,TX,136652.83333333334
"Akron, OH",900018,903486,248987.908764982,1281.2687613899614,1255.736540926641,35583,716.725181331311,719.4869071288583,0.2755857963100502,10420,"Akron, OH",Akron,OH,0.31823412,0.39422074,0.36687246,0.44169754,OH,150669.33333333334
"Albany, GA",189181,183695,131718.336949433,3117.818735907336,3079.036891891892,5273,61.44161523305396,59.65988926073891,0.7170491137452462,10500,"Albany, GA",Albany,GA,0.27158603,0.31853243999999997,0.31485352,0.36687845,GA,110954.5
"Albany, NY",932389,941115,163670.823014931,3459.153245559846,3395.5572884169883,36791,274.5908611763345,277.1606897078001,0.1739116080552653,10580,"Albany-Schenectady-Troy, NY",Albany-Schenectady-Troy,NY,0.36932078,0.44743568,0.424283,0.49190852,NY,204290.91666666666
"Albany, OR",168645,183015,15213.297805956,2363.3616451737453,2345.6535996138996,6446,71.8968052349074,78.02302950023171,0.08312596129254979,10540,"Albany, OR",Albany,OR,0.22239512,0.24164519,0.27380314,0.29124367,OR,277118.25
"Albuquerque, NM",902666,928672,185788.159875407,11753.961532818532,11738.836901930503,33175,76.89569312029138,79.11107444105266,0.2000578889806164,10740,"Albuquerque, NM",Albuquerque,NM,0.3213281,0.41661993,0.35720241,0.44349107,NM,207673.33333333334
"Alexandria, LA",183492,182074,89563.077345838,3301.73151003861,3210.5124343629345,5789,57.1534930175128,56.71181897668904,0.49190481532694397,10780,"Alexandria, LA",Alexandria,LA,0.25201264,0.28886458,0.30110911,0.33358815000000003,LA,129811.25
"Allentown, PA",1003571,1016995,486907.251175984,2144.4967822393824,2111.092347876448,35928,475.37996194694847,481.73875530504256,0.47877054575094663,10900,"Allentown-Bethlehem-Easton, PA-NJ",Allentown-Bethlehem-Easton,PA-NJ,0.26702428,0.33526921,0.32324323,0.38200048,PA,210652.16666666666
"Altoona, PA",143137,138425,45767.016696299,727.0263648648648,725.4472216216217,5155,197.3086335351041,190.81332986646908,0.33062681377134906,11020,"Altoona, PA",Altoona,PA,0.22866811,0.27055547,0.28467274,0.32292062,PA,114577.83333333333
"Amarillo, TX",259360,271383,111466.525061011,4416.158123938224,4382.724571428572,10200,59.177800423689476,61.921071145828655,0.41073510522402285,11100,"Amarillo, TX",Amarillo,TX,0.27327612,0.32389587,0.32019514,0.36323431,TX,144505.58333333334
"Ames, IA",99628,109309,11546.667310515,901.3906247104247,895.118032046332,3625,111.30152274135304,122.11685619840365,0.10563327183045312,11180,"Ames, IA",Ames,IA,0.30733138,0.40163776,0.36483634,0.45461854,IA,203329.33333333334
"Anchorage, AK",382192,400072,25652.255974372,16546.50408030888,16210.489195752896,18984,23.57683320871854,24.679822747410842,0.06411909849820033,11260,"Anchorage, AK",Anchorage,AK,0.31688967,0.39055315,0.37114996,0.44523495,AK,337787.4166666667
"Ann Arbor, MI",518465,545756,160303.303227374,1092.2275621621623,1062.044932046332,21119,488.1761443002506,513.8727972162587,0.29372705609718264,11460,"Ann Arbor, MI",Ann Arbor,MI,0.39217666,0.47228894,0.4488267,0.4869498,MI,316615.8333333333
"Anniston, AL",142430,139020,48824.7114271,904.7189733590734,891.5877745173746,3727,159.74871355442127,155.9240760958762,0.351206383449144,11500,"Anniston-Oxford-Jacksonville, AL",Anniston-Oxford-Jacksonville,AL,0.20440839,0.24566156,0.24739432,0.283943,AL,114345.83333333333
"Appleton, WI",417537,439183,87665.051556628,1846.101988030888,1822.5607714285713,16526,229.09359542108626,240.97029129830153,0.19960939188590632,11540,"Appleton, WI",Appleton,WI,0.29332155,0.35994455,0.32069758,0.38529652,WI,185470.91666666666
"Asheville, NC",428985,458603,99358.828755786,2103.551106949807,2094.9866706563707,22727,204.76741260869056,218.9049727253478,0.2166554269287074,11700,"Asheville, NC",Asheville,NC,0.22882566,0.26964962,0.27794152,0.31634319,NC,270101.0833333333
"Athens, GA",265878,291286,69468.770919917,1585.5511046332047,1570.0734583011583,9763,169.34112133051644,185.52380365385935,0.23848990655203822,12020,"Athens-Clarke County, GA",Athens-Clarke County,GA,0.27503628,0.33523348,0.34712631,0.40519637,GA,211512.08333333334
"Atlanta, GA",5430554,6009615,1464839.044429892,10367.38131158301,10192.647372972973,268859,532.7913152769088,589.6029539818296,0.2437492325930849,12060,"Atlanta-Sandy Springs-Roswell, GA",Atlanta-Sandy Springs-Roswell,GA,0.35666603,0.49576303,0.40385821,0.53915775,GA,240199.83333333334
"Atlantic City, NJ",372075,361497,164201.87835509802,865.0731150579151,810.7232498069499,14237,458.9420620274537,445.89445299130125,0.4542274994124378,12100,"Atlantic City-Hammonton, NJ",Atlantic City-Hammonton,NJ,0.23016249,0.30331406,0.31230041,0.36562926,NJ,210613.33333333334
"Auburn, AL",174533,194248,38111.469322689,728.228113899614,719.6475193050193,6055,242.52567446984418,269.92103048946785,0.1962000603490847,12220,"Auburn-Opelika, AL",Auburn-Opelika,AL,0.22107916,0.28251991,0.28019658,0.33848035,AL,202042.16666666666
"Augusta, GA",607613,642385,193175.902399862,4687.245382239382,4594.418318532818,18440,132.25025626182753,139.8185701569158,0.3007167078930268,12260,"Augusta-Richmond County, GA-SC",Augusta-Richmond County,GA-SC,0.26595157,0.33461559,0.30150679,0.35787222,GA,153133.08333333334
"Austin, TX",1775659,2177584,324713.46203347703,5870.20088030888,5793.022355212355,99626,306.5168561627119,375.8977380849717,0.14911638863689164,12420,"Austin-Round Rock, TX",Austin-Round Rock,TX,0.39755037,0.52127868,0.45512399,0.57666129,TX,351694.9166666667
"Bakersfield, CA",843086,890464,167032.373306755,6608.706251351351,6577.331714671815,22116,128.1805504988229,135.38377546227056,0.18757902992906508,12540,"Bakersfield, CA",Bakersfield,CA,0.24432419,0.31218782,0.29072604,0.35714224,CA,230865.91666666666
"Baltimore, MD",2769977,2856239,796318.696185204,3036.3087976833976,2854.2763447876446,120545,970.4655980695112,1000.6876191984492,0.27879974196319146,12580,"Baltimore-Columbia-Towson, MD",Baltimore-Columbia-Towson,MD,0.35200542,0.46967423,0.4155007,0.52644682,MD,301785.1666666667
"Bangor, ME",156762,154635,10234.042431098,4740.369784555985,4518.916962548263,6105,34.69017052077017,34.219482517952656,0.06618192796648882,70750,"Bangor, ME",Bangor,ME,0.26170117,0.29610863,0.31269535,0.34144187,ME,155907.41666666666
"Barnstable Town, MA",217878,216021,86803.840293708,492.18945405405407,399.1644420849421,13369,545.8351922880837,541.1829742941652,0.40183056412898743,70900,"Barnstable Town, MA",Barnstable Town,MA,0.24421783,0.29427299,0.31125712,0.35548064,MA,459111.4166666667
"Baton Rouge, LA",865501,900787,364548.467846475,4430.112434749035,4307.941427413128,32433,200.90825620155286,209.09917536666993,0.4046999655262288,12940,"Baton Rouge, LA",Baton Rouge,LA,0.25683343,0.32415456,0.30453247,0.35679933,LA,192902.5
"Battle Creek, MI",187632,185955,54108.486409471996,1311.3389455598456,1292.431537065637,4703,145.17751588297168,143.87996165908797,0.29097623838816916,12980,"Battle Creek, MI",Battle Creek,MI,0.26593491,0.33650032,0.29806584,0.35238397,MI,116070.75
"Bay City, MI",177511,173152,64932.790944981,950.533540926641,909.9490227799228,5770,195.07796102434216,190.28758278240161,0.37500456792287123,13020,"Bay City, MI",Bay City,MI,0.20659722,0.24416237,0.26032704,0.29734078,MI,120647.75
"Beaumont, TX",400638,405337,101653.867808696,2266.3438073359075,2157.631761776062,12615,185.68414087036496,187.8619916432568,0.2507885236450065,13140,"Beaumont-Port Arthur, TX",Beaumont-Port Arthur,TX,0.25647792,0.30148351,0.30156973,0.33036759,TX,128200.41666666667
"Beckley, WV",88904,85044,10535.107907478001,775.1792833976834,768.192062934363,2603,115.73147431438154,110.70668925573949,0.1238783207219557,13220,"Beckley, WV",Beckley,WV,0.18212405,0.23265944,0.2378965,0.29383785,WV,79614.58333333333
"Bellingham, WA",460494,504976,47861.079729184,5368.757898841699,5197.126559073359,25938,88.60550051375033,97.16446083430313,0.09477891965001109,13380,"Bellingham, WA",Bellingham,WA,0.28736007,0.34359622,0.33680251,0.37612796,WA,428532.75
"Bend, OR",156757,184175,8072.46442104,1434.938323166023,1410.091203088803,12110,111.16798662144973,130.61211898674702,0.04383040272045609,13460,"Bend-Redmond, OR",Bend-Redmond,OR,0.2822699,0.33889672,0.33221695,0.3842653,OR,436214.25
"Billings, MT",163974,175779,41160.092289986,5276.942522007722,5245.556185714286,10764,31.259602260398193,33.51007858398608,0.23415818891896076,13740,"Billings, MT",Billings,MT,0.27161101,0.31679907,0.33685398,0.37885228,MT,264351.0833333333
"Binghamton, NY",273395,263319,75831.04308087,1669.2477953667953,1651.9662718146717,7848,165.49672028090367,159.3973221443233,0.2879816613342372,13780,"Binghamton, NY",Binghamton,NY,0.30214229,0.36203703,0.34981284,0.39644367,NY,121309.5
"Birmingham, AL",1152021,1173400,378412.727794731,6054.923454054054,5959.892784169884,42256,193.29559133343668,196.8827364003387,0.32249252411345747,13820,"Birmingham-Hoover, AL",Birmingham-Hoover,AL,0.29884958,0.38673604,0.34709781,0.44548419,AL,168466.41666666666
"Bismarck, ND",110483,127551,51424.647289214,4612.329762934363,4553.266646718147,6597,24.26455742046926,28.01307498473317,0.40316929925452566,13900,"Bismarck, ND",Bismarck,ND,0.31134871,0.37883413,0.37784684,0.42710263,ND,271615.4166666667
"Blacksburg, VA",171947,176525,22967.039541016,1425.2716243243244,1407.226432046332,4937,122.1885803764797,125.44178817285605,0.13010644124637305,13980,"Blacksburg-Christiansburg-Radford, VA",Blacksburg-Christiansburg-Radford,VA,0.24917877,0.33297387,0.29663071,0.35563603,VA,190858.08333333334
"Bloomington, IL",192963,195671,37126.263366832,1774.8556868725868,1769.559994980695,6398,109.04575179555025,110.57607572222194,0.18973820017699095,14010,"Bloomington, IL",Bloomington,IL,0.31589025,0.40556529,0.39406082,0.45647529,IL,149512.58333333334
"Bloomington, IN",245172,251733,71584.245200045,2047.9104602316602,2014.583835907336,7976,121.6985839110431,124.95533594243474,0.2843657573700905,14020,"Bloomington, IN",Bloomington,IN,0.24744318,0.3343347,0.31074828,0.39239019,IN,200348.16666666666
"Bloomsburg, PA",148089,144750,58712.3916263,1151.804040926641,1134.1125023166023,4371,130.57699275645496,127.63284039663213,0.4056123773837651,14100,"Bloomsburg-Berwick, PA",Bloomsburg-Berwick,PA,0.26404676,0.30661353,0.30329797,0.33067557,PA,167923.16666666666
"Boise City, ID",629930,724156,141497.014057537,13028.570476447876,12955.14931119691,35238,48.623908908217864,55.89715584166402,0.19539576287089658,14260,"Boise City, ID",Boise City,ID,0.31831571,0.3940745,0.36559424,0.43833736,ID,309019.6666666667
"Boston, MA",4592369,4872213,2743110.059608351,3749.0872656370657,3521.3595389961392,228573,1304.1465800760525,1383.6170223586312,0.5630111121185283,71650,"Boston-Cambridge-Nashua, MA-NH",Boston-Cambridge-Nashua,MA-NH,0.38872615,0.50142014,0.44353771,0.55328661,MA,504037.4166666667
"Boulder, CO",395142,441996,77252.78090726299,1167.7273644787645,1150.4243247104248,29310,343.47500440714504,384.20258552100375,0.17478162903569938,14500,"Boulder, CO",Boulder,CO,0.43129793,0.57092148,0.48474351,0.61478943,CO,604315.6666666666
"Bowling Green, KY",156847,172368,39638.730720902,1461.4520965250965,1439.978301158301,5678,108.92316910180811,119.70180374339618,0.22996571707568692,14540,"Bowling Green, KY",Bowling Green,KY,0.23447031,0.28097332,0.28206563,0.32558066,KY,168426.41666666666
"Bremerton, WA",542972,577282,29827.822408508,1148.5016324324324,986.9439474903475,21694,550.1548506181101,584.9187296481657,0.05166941357691388,14740,"Bremerton-Silverdale, WA",Bremerton-Silverdale,WA,0.28252414,0.34823465,0.31175879,0.34425002,WA,383383.0833333333
"Brownsville, TX",410201,425767,313460.449745319,1241.0831876447876,992.7732362934363,11140,413.18700485067865,428.8663155239965,0.736225329218373,15180,"Brownsville-Harlingen, TX",Brownsville-Harlingen,TX,0.25531706,0.26489711,0.30608734,0.31644228,TX,100138.91666666667
"Brunswick, GA",135770,139952,56887.493285934,1907.1790258687258,1778.7220965250965,5303,76.33008004186807,78.68120617234676,0.40647860184873386,15260,"Brunswick, GA",Brunswick,GA,0.24964367,0.32147658,0.29583165,0.37680805,GA,183418.75
"Buffalo, NY",1117380,1112978,396037.42620933,1541.1120007722009,1522.9819756756756,45349,733.6790703017158,730.7886880973913,0.35583580826335287,15380,"Buffalo-Cheektowaga-Niagara Falls, NY",Buffalo-Cheektowaga-Niagara Falls,NY,0.3167901,0.38766649,0.37684783,0.43951178,NY,170451.66666666666
"Burlington, NC",199001,213938,51255.413166794,860.7195888030888,841.5433308880309,7112,236.47148363710042,254.2210153032095,0.23958068770762558,15500,"Burlington, NC",Burlington,NC,0.19653264,0.2714473,0.24157783,0.32238665,NC,162311.58333333334
"Burlington, VT",216015,223947,26566.037889482,1352.9890355212356,1335.4994432432431,11040,161.74847626698394,167.687827301633,0.11862645130089708,72400,"Burlington-South Burlington, VT",Burlington-South Burlington,VT,0.3598876,0.44955829,0.39019921,0.46076444,VT,317400.75
"Canton, OH",372957,367517,117060.767684005,1318.7162907335908,1307.2977857142857,10753,285.28848138163295,281.12722595884674,0.31851796701650537,15940,"Canton-Massillon, OH",Canton-Massillon,OH,0.24656302,0.28945863,0.30344361,0.33738163,OH,133823.66666666666
"Cape Girardeau, MO",138784,138189,37938.592585993,2448.0041285714287,2408.449701158301,5317,57.62379008091981,57.376743194404455,0.27454133531607433,16020,"Cape Girardeau, MO-IL",Cape Girardeau,MO-IL,0.23614335,0.28795466,0.29438105,0.34754267,MO,151574.83333333334
"Carbondale, IL",73179,70586,21419.430777267,834.4669876447877,810.6023281853281,2223,90.27731287649235,87.07845702592395,0.30345154531021734,16060,"Carbondale-Marion, IL",Carbondale-Marion,IL,0.2718322,0.28920606,0.33472568,0.34047267,IL,98158.75
"Carson City, NV",61818,61773,15407.998146812,134.78498764478763,133.7298640926641,3719,462.26024694951514,461.92374769181146,0.24942933234280348,16180,"Carson City, NV",Carson City,NV,0.32205141,0.42105901,0.37266412,0.46918952,NV,332854.5
"Casper, WY",76361,81238,17317.414035282,6232.025371042471,6199.776769498069,4903,12.316733785591145,13.103375011771107,0.2131688869159999,16220,"Casper, WY",Casper,WY,0.2088577,0.29577693,0.27477163,0.35980937,WY,214889.58333333334
"Cedar Rapids, IA",279353,291239,86050.428114679,2738.8703277992277,2723.727970656371,10913,102.56273864701724,106.92661056376217,0.2954632728263694,16300,"Cedar Rapids, IA",Cedar Rapids,IA,0.34184426,0.4455798,0.38302651,0.47254372,IA,167554.5
"Chambersburg, PA",172509,177891,62799.219608780004,933.2700413127413,931.8427108108108,5337,185.12673651747218,190.90238935840821,0.353020780190004,16540,"Chambersburg-Waynesboro, PA",Chambersburg-Waynesboro,PA,0.21368144,0.26543382,0.26416573,0.30643332,PA,181335.91666666666
"Champaign, IL",235376,242758,32631.641635706,2175.375814285714,2172.3448362934364,7290,108.35112182355465,111.74929318045373,0.13442045838121092,16580,"Champaign-Urbana, IL",Champaign-Urbana,IL,0.31590319,0.38879833,0.38203219,0.43962622,IL,144812.33333333334
"Charleston, SC",677976,788015,163525.45022015698,3217.342466795367,2934.4360714285713,35181,231.04132565748517,268.54052390937613,0.2075156567072416,16700,"Charleston-North Charleston, SC",Charleston-North Charleston,SC,0.28707051,0.36801305,0.33705798,0.40912122,SC,275190.75
"Charleston, WV",330330,316544,75974.555616345,3075.197446332046,3052.8887413127413,8747,108.20243644318272,103.68671341225694,0.24001262262543277,16620,"Charleston, WV",Charleston,WV,0.29985622,0.37337601,0.36730754,0.4355419,WV,98310.25
"Charlotte, NC",1891743,2172467,400243.14264007,3781.6736463320462,3713.8822401544403,96335,509.3707548253691,584.9585042065466,0.18423439464906485,16740,"Charlotte-Concord-Gastonia, NC-SC",Charlotte-Concord-Gastonia,NC-SC,0.32954726,0.4663735,0.37868536,0.5115307,NC,236003
"Charlottesville, VA",241467,257717,32443.386428353002,2521.063824710425,2500.4962814671812,10638,96.56763010993873,103.06634003422033,0.12588764586097542,16820,"Charlottesville, VA",Charlottesville,VA,0.31150833,0.4031747,0.37483799,0.47524747,VA,315907.25
"Chattanooga, TN",617809,647757,139473.494525249,2816.9416864864866,2759.211157915058,20403,223.90783620447334,234.76166299989325,0.21531761837424993,16860,"Chattanooga, TN-GA",Chattanooga,TN-GA,0.27364412,0.35716042,0.31837744,0.39439443,TN,171603.5
"Cheyenne, WY",91757,98336,13388.529368922,2704.7441884169884,2703.091316988417,5704,33.945209110518995,36.379089149514435,0.13615084372886838,16940,"Cheyenne, WY",Cheyenne,WY,0.29543009,0.36313167,0.3659654,0.43445104,WY,290125.25
"Chicago, IL",9658114,9701082,3797678.9906826043,8746.601874131275,8595.591525868726,452192,1123.6124903019852,1128.6113318442674,0.39146963098369897,16980,"Chicago-Naperville-Elgin, IL-IN-WI",Chicago-Naperville-Elgin,IL-IN-WI,0.33973619,0.44786832,0.39180052,0.49589816,IL,250099.25
"Chico, CA",251601,259686,27748.431743201,1785.1164702702702,1743.8706235521236,8918,144.27733147285267,148.91356990178582,0.10685378396679451,17020,"Chico, CA",Chico,CA,0.27392867,0.30926758,0.31886956,0.34933722,CA,328950.3333333333
"Cincinnati, OH",2346068,2407841,469403.604452382,6631.198608108108,6541.125718532819,84301,358.66425764497086,368.10804494674676,0.19494792407487954,17140,"Cincinnati, OH-KY-IN",Cincinnati,OH-KY-IN,0.31457672,0.41423383,0.36198092,0.45618263,OH,187959
"Clarksville, TN",308656,333592,64223.598644051,2434.9617934362936,2374.3385965250964,8377,129.9966232498287,140.4989164090666,0.19252139932627582,17300,"Clarksville, TN-KY",Clarksville,TN-KY,0.25851533,0.30154297,0.29801679,0.34227738,TN,169702.33333333334
"Cleveland, OH",1967540,1944436,478638.204586571,1784.5769525096525,1748.249783011583,82617,1125.4341451200764,1112.2186422643,0.2461578599586569,17460,"Cleveland-Elyria, OH",Cleveland-Elyria,OH,0.31750074,0.4021273,0.3654854,0.44317737,OH,158913.83333333334
"Cleveland, TN",81237,86273,16393.810802665,600.0551374517374,592.6168162162162,1859,137.08183395585704,145.57973658399072,0.1900224960609345,17420,"Cleveland, TN",Cleveland,TN,0.24982542,0.30903992,0.31311727,0.36334869,TN,166870.08333333334
"Coeur d'Alene, ID",146635,166535,29114.883516373004,1807.6504243243244,1681.2990926640925,9270,87.21529717098127,99.05138278289198,0.17482741475589517,17660,"Coeur d'Alene, ID",Coeur d'Alene,ID,0.25866383,0.30182275,0.29955557,0.34314916,ID,346224.9166666667
"College Station, TX",238762,269258,48921.856496226996,2521.4346841698843,2483.046252123552,8477,96.15688785329948,108.43857611179213,0.1816913759153934,17780,"College Station-Bryan, TX",College Station-Bryan,TX,0.35233587,0.42978448,0.42090797,0.45651954,TX,216461.5
"Colorado Springs, CO",657015,736812,134587.256875622,3733.320384169884,3722.01632972973,33704,176.52125670488618,197.96044260061126,0.1826615973621792,17820,"Colorado Springs, CO",Colorado Springs,CO,0.36108276,0.4663882,0.40308225,0.50151491,CO,328629.75
"Columbia, MO",178570,193110,14155.443990641,1482.2252181467181,1466.1362795366795,8486,121.79631763592313,131.71354034089217,0.07330249075988297,17860,"Columbia, MO",Columbia,MO,0.27529389,0.35276058,0.33865142,0.40644845,MO,199085.5
"Columbia, SC",821713,875238,257258.093088015,4630.5428918918915,4483.216555212355,30693,183.28648413038306,195.22545681680614,0.2939293004737169,17900,"Columbia, SC",Columbia,SC,0.3102341,0.39495081,0.36856678,0.44911692,SC,159674
"Columbus, GA",288095,299739,90444.587767269,1844.509145173745,1806.9060324324325,8906,159.44105273264842,165.88521739367675,0.30174447691914963,17980,"Columbus, GA-AL",Columbus,GA-AL,0.3130503,0.4157635,0.3517563,0.45372504,GA,123380.66666666667
"Columbus, IN",116889,125226,43330.379874742,729.4428965250966,724.3249976833977,4648,161.37645445600396,172.88648106928412,0.346017439467379,18020,"Columbus, IN",Columbus,IN,0.23739773,0.30602479,0.26334548,0.3350988,IN,172625.5
"Columbus, OH",1927792,2104675,391121.428470514,4782.868472200772,4730.512099227799,75737,407.5228980631272,444.91483286631137,0.18583459606376948,18140,"Columbus, OH",Columbus,OH,0.34627905,0.44996524,0.3954353,0.49789947,OH,216007.91666666666
"Corpus Christi, TX",396807,420827,162024.772823395,1432.2285833976835,1254.2614555984555,14972,316.367052681746,335.5177647544048,0.38501515545199094,18580,"Corpus Christi, TX",Corpus Christi,TX,0.25577381,0.30370814,0.31022996,0.34816521,TX,162735.33333333334
"Corvallis, OR",80725,85246,4252.5270855730005,921.0350787644787,918.576435907336,3315,87.88054738227943,92.80229349210025,0.04988535632842597,18700,"Corvallis, OR",Corvallis,OR,0.33020416,0.42014483,0.39926612,0.48938054,OR,377221.8333333333
"Crestview, FL",184145,206630,55865.47577353,783.3705868725868,746.4916038610039,9598,246.68060437326452,276.8015057788571,0.27036478620495574,18880,"Crestview-Fort Walton Beach-Destin, FL",Crestview-Fort Walton Beach-Destin,FL,0.29257396,0.41137466,0.32572564,0.43272468,FL,258993.08333333334
"Cumberland, MD",107712,102904,43085.924417118,960.4330027027028,952.3753227799227,3062,113.09826853303544,108.04983869135731,0.4187001906351357,19060,"Cumberland, MD-WV",Cumberland,MD-WV,0.2159169,0.2495884,0.27051818,0.30537957,MD,103437.41666666667
"Dallas, TX",6401545,7359183,1484441.219659997,9684.832208494208,9338.944444787645,292811,685.4677247355188,788.0101486316678,0.20171277432019247,19100,"Dallas-Fort Worth-Arlington, TX",Dallas-Fort Worth-Arlington,TX,0.34575835,0.46431294,0.39693448,0.51277018,TX,254453.08333333334
"Dalton, GA",118089,119167,33754.718739959,498.2474243243243,495.70149343629345,4072,238.22603232720854,240.40072821631534,0.28325558871129586,19140,"Dalton, GA",Dalton,GA,0.18415296,0.26577631,0.21352957,0.29899439,GA,139818.91666666666
"Danville, IL",80497,76397,19172.706459752,854.838054054054,851.9422455598456,1854,94.48645189217278,89.67391909271555,0.25096150974190085,19180,"Danville, IL",Danville,IL,0.2729114,0.29558307,0.3065508,0.31886387,IL,67214.75
"Daphne, AL",202214,232271,46385.766232153,1989.9685683397684,1909.348696138996,9550,105.90731824360243,121.6493354355276,0.1997053710198561,19300,"Daphne-Fairhope-Foley, AL",Daphne-Fairhope-Foley,AL,0.1764939,0.2290218,0.23174872,0.28769019,AL,213717.83333333334
"Decatur, AL",154466,151597,48461.917609149,1359.9280494208494,1314.0608405405405,4914,117.54859077640593,115.36528243063722,0.319675967262868,19460,"Decatur, AL",Decatur,AL,0.20046784,0.26173639,0.24281776,0.30145735,AL,134646.58333333334
"Decatur, IL",120272,114964,37609.073056333,970.441954054054,963.5138038610039,3672,124.82644204789243,119.31743950041493,0.3271378262441547,19500,"Decatur, IL",Decatur,IL,0.25987801,0.32514477,0.2963607,0.3421002,IL,90972.33333333333
"Denver, CO",2506951,2850907,711744.856798193,8638.507733204633,8579.675965637065,154086,292.1964663981167,332.2860923207736,0.24965558567788881,19740,"Denver-Aurora-Lakewood, CO",Denver-Aurora-Lakewood,CO,0.3743498,0.50087583,0.42583242,0.54984295,CO,460576.8333333333
"Des Moines, IA",562915,633852,158682.23044058098,3269.3527405405403,3248.4280444015444,27526,173.28843129837756,195.1257627800631,0.2503458700778431,19780,"Des Moines-West Des Moines, IA",Des Moines-West Des Moines,IA,0.3752175,0.48650342,0.42664063,0.53014994,IA,208552.41666666666
"Detroit, MI",4275414,4285707,2298187.529575409,4391.751215057915,4235.696669498069,171032,1009.376811797677,1011.8068724944501,0.5362446685168653,19820,"Detroit-Warren-Dearborn, MI",Detroit-Warren-Dearborn,MI,0.32424751,0.43224531,0.35065165,0.44599846,MI,179366.5
"Dothan, AL",170824,173350,54981.276130026,2225.9335173745176,2210.2849783783786,5625,77.28596161628379,78.42880067310679,0.31716917294505914,20020,"Dothan, AL",Dothan,AL,0.19694568,0.24327964,0.24625178,0.29699299,AL,117480.66666666667
"Dover, DE",184240,199699,64322.740618654,746.1268664092664,721.5852895752896,6902,255.3267128109553,276.7503757144755,0.32209846127749264,20100,"Dover, DE",Dover,DE,0.25415933,0.31815681,0.30486917,0.37138954,DE,227530.66666666666
"Dubuque, IA",102613,105683,36256.907580756,1021.4169853281853,998.6236073359073,4507,102.75443044426652,105.82866179374365,0.34307227823543995,20220,"Dubuque, IA",Dubuque,IA,0.31297672,0.37436256,0.34789139,0.39925113,IA,180903.91666666666
"Duluth, MN",306593,304412,62885.67506513,11407.157913127414,10620.65506023166,11201,28.86761675821835,28.662262193209774,0.2065808018906285,20260,"Duluth, MN-WI",Duluth,MN-WI,0.26770693,0.31199023,0.30951229,0.347123,MN,167705
"Durham, NC",663067,766642,118052.111967253,2161.0009525096525,2109.345145945946,31780,314.34732304212093,363.450240219552,0.15398596994066724,20500,"Durham-Chapel Hill, NC",Durham-Chapel Hill,NC,0.41275987,0.52036542,0.45957696,0.57052588,NC,273129
"East Stroudsburg, PA",170134,166902,62126.717211112,654.1198046332046,643.0470223938224,4703,264.57474193202086,259.5486709178538,0.37223470785917484,20700,"East Stroudsburg, PA",East Stroudsburg,PA,0.22187363,0.23879801,0.28013471,0.30281478,PA,169800.91666666666
"Eau Claire, WI",189903,196700,35884.643792757,2816.9935876447876,2761.5670536679536,7509,68.76639107776437,71.22767478658184,0.1824333695615506,20740,"Eau Claire, WI",Eau Claire,WI,0.27712199,0.32579857,0.30554214,0.35095063,WI,182070.83333333334
"El Centro, CA",218544,216157,126285.467676158,5498.720941312741,5189.112442857143,4727,42.115872879345225,41.65587128441241,0.5842302940740203,20940,"El Centro, CA",El Centro,CA,0.22491296,0.25206363,0.28689581,0.32677534,CA,224032.58333333334
"El Paso, TX",813672,850497,386401.936287939,882.5824274131274,880.4384185328186,26135,924.166850142592,965.9926033410565,0.4543248668577773,21340,"El Paso, TX",El Paso,TX,0.29758063,0.34773588,0.34833768,0.38792619,TX,134869.41666666666
"Elizabethtown, KY",140530,143428,19991.717911079,1101.0797328185329,1089.9071332046333,3856,128.93759084482943,131.59653298009104,0.13938504274673702,21060,"Elizabethtown-Fort Knox, KY",Elizabethtown-Fort Knox,KY,0.30357519,0.37789562,0.34226704,0.40032881,KY,150797.75
"Elkhart, IN",264215,270939,96273.84416755999,733.0599420849421,719.2025953667954,10185,367.3721447921772,376.7213880281123,0.3553340204531647,21140,"Elkhart-Goshen, IN",Elkhart-Goshen,IN,0.18283184,0.23726732,0.21630467,0.26277831,IN,162403
"Elmira, NY",78938,74990,16477.422796263,294.25028996138997,291.65381428571425,2460,270.6564979900094,257.11990149574103,0.21972826771920256,21300,"Elmira, NY",Elmira,NY,0.20536025,0.26295757,0.24755412,0.30761611,NY,102173.16666666667
"Enid, OK",63538,64737,13267.532363620001,1525.0098054054054,1522.247598069498,2601,41.73959616068922,42.52724726391353,0.20494512201090567,21420,"Enid, OK",Enid,OK,0.22670059,0.2833626,0.28672192,0.32929733,OK,88563.91666666667
"Erie, PA",293277,285911,55209.820699626,1041.8020131274131,1020.0540953667954,9350,287.5112225244703,280.2900368702416,0.19310142211956166,21500,"Erie, PA",Erie,PA,0.24543543,0.29389223,0.29481268,0.33592576,PA,128928
"Eugene, OR",341093,361724,19139.133376739,2497.262100772201,2440.4819362934363,16993,139.76460752585876,148.21826567148472,0.052910875078067805,21660,"Eugene, OR",Eugene,OR,0.28670657,0.34700429,0.34138468,0.39282721,OR,316463.8333333333
"Evansville, IN",418117,422318,123152.733602692,2903.3899054054054,2842.1136683397685,15785,147.1148056665322,148.59293092478552,0.29161137721501806,21780,"Evansville, IN-KY",Evansville,IN-KY,0.24462347,0.30506468,0.28743854,0.33877203,IN,138647.66666666666
"Fairbanks, AK",98392,99742,5307.0941391510005,11514.688852895753,11428.415592277992,4102,8.609417395223359,8.72754400595951,0.05320821859548636,21820,"Fairbanks, AK",Fairbanks,AK,0.30431253,0.33576667,0.37199977,0.39965317,AK,191395.91666666666
"Fargo, ND",214912,246561,64163.910454005,3868.4236884169886,3841.211174903475,11787,55.94901977900251,64.1883480947115,0.2602354405360337,22020,"Fargo, ND-MN",Fargo,ND-MN,0.31624398,0.4031021,0.37319818,0.4489179,ND,232724.08333333334
"Farmington, NM",137444,134299,95105.476525082,4865.697571428572,4852.1095880308885,4274,28.326647926305046,27.6784762510902,0.70816220913843,22140,"Farmington, NM",Farmington,NM,0.21131162,0.22925924,0.26555133,0.27353746,NM,134816.66666666666
"Fayetteville, AR",504965,578370,132394.114641482,3930.3961590733593,3875.9696764478763,22022,130.28094700234448,149.21943365925554,0.2289090282025036,22220,"Fayetteville-Springdale-Rogers, AR-MO",Fayetteville-Springdale-Rogers,AR-MO,0.30760106,0.43046272,0.36532432,0.48063016,AR,192314.25
"Fayetteville, NC",421684,442547,71792.698722653,1395.8708961389962,1387.9954752895753,11115,303.8079068031722,318.8389356295791,0.1622261561430831,22180,"Fayetteville, NC",Fayetteville,NC,0.26853907,0.34321123,0.32274923,0.3869625,NC,133238.83333333334
"Flagstaff, AZ",163882,171345,71308.79875759399,18971.131327027026,18924.213684942086,7504,8.659910669387557,9.054273157797752,0.41617087605470826,22380,"Flagstaff, AZ",Flagstaff,AZ,0.25301144,0.32890993,0.30860171,0.38721773,AZ,374313.4166666667
"Flint, MI",329449,313332,131442.828294236,672.7664416988417,666.535022007722,9143,494.2711022260181,470.0908274199731,0.419500173280214,22420,"Flint, MI",Flint,MI,0.2535544,0.295344,0.30078515,0.34073025,MI,122782.33333333333
"Florence, AL",174142,173333,59924.306635301,1749.2547907335907,1645.797671814672,5700,105.81009013579987,105.3185351811085,0.34571781850715677,22520,"Florence-Muscle Shoals, AL",Florence-Muscle Shoals,AL,0.21173815000000001,0.24818482,0.25456104,0.28966284,AL,118894.75
"Florence, SC",223655,222942,109612.83851803001,1884.154477992278,1871.0005467181468,6927,119.53764545515767,119.15656592995356,0.49166526952314954,22500,"Florence, SC",Florence,SC,0.2301451,0.28915721,0.27805755,0.33905542,SC,119666.75
"Fond du Lac, WI",103089,103450,17359.447727914,755.2512293436293,742.4385455598456,3461,138.85189638458814,139.338131915002,0.1678051979498695,22540,"Fond du Lac, WI",Fond du Lac,WI,0.23395444,0.32058883,0.277311,0.35256261,WI,138758.58333333334
"Fort Collins, CO",328439,385875,48934.029007321,2969.0152227799226,2927.564047104247,21866,112.1884934762982,131.80753479387823,0.12681316231246129,22660,"Fort Collins, CO",Fort Collins,CO,0.31340542,0.40065864,0.36465126,0.43932381,CO,426107
"Fort Smith, AR",325339,326398,77094.481498552,5254.408638223938,5124.573796911197,9272,63.4860600887621,63.692711420554474,0.23619777541085424,22900,"Fort Smith, AR-OK",Fort Smith,AR-OK,0.23027444,0.29224509,0.28420717,0.34204745,AR,107451.41666666667
"Fort Wayne, IN",458675,472983,153469.074178973,1737.200613899614,1724.1105756756756,18888,266.03572095150923,274.3344926207177,0.3244705923446995,23060,"Fort Wayne, IN",Fort Wayne,IN,0.26707259,0.35065696,0.31005374,0.38711464,IN,147046.33333333334
"Fresno, CA",972978,1029512,234496.492855262,5513.636759459459,5461.08082007722,30022,178.16583054821774,188.51799376692665,0.22777441433928114,23420,"Fresno, CA",Fresno,CA,0.27334729,0.32261312,0.31901005,0.36268142,CA,270130.5
"Gadsden, AL",79449,78623,32131.012003232,316.96577065637064,304.45214864864863,2569,260.95726488594335,258.2441948561659,0.4086719153839462,23460,"Gadsden, AL",Gadsden,AL,0.15603113,0.20541665,0.20780501,0.25658065,AL,101143.83333333333
"Gainesville, FL",288931,308124,51607.096393212,1759.8172806949806,1646.787650965251,11180,175.4512792409182,187.10609095191822,0.1674880775051992,23540,"Gainesville, FL",Gainesville,FL,0.2845985,0.3522273,0.33674473,0.40272713,FL,206284.58333333334
"Gainesville, GA",144646,160204,58690.177571608,389.0756814671815,370.7327725868726,6073,390.1624315290485,432.1279688389564,0.3663465180120846,23580,"Gainesville, GA",Gainesville,GA,0.24043915,0.31962284,0.2779603,0.35922897,GA,232139.58333333334
"Gettysburg, PA",164216,167950,41732.945603622,676.0050324324324,671.1864409266409,5454,244.66525243460396,250.2285352608256,0.2484843441716106,23900,"Gettysburg, PA",Gettysburg,PA,0.18949597,0.22260477,0.24415767,0.28459516,PA,237632.25
"Glens Falls, NY",122495,119499,20839.011805841,1779.5490741312742,1742.9714764478765,4647,70.27940597722295,68.56050234599098,0.17438649533335845,24020,"Glens Falls, NY",Glens Falls,NY,0.25983703,0.28079259,0.31260541,0.3201665,NY,188838.75
"Goldsboro, NC",171053,171968,50625.263404612,1130.7139961389962,1121.5744988416989,4142,152.51149181499244,153.3273092225253,0.29438769657501396,24140,"Goldsboro, NC",Goldsboro,NC,0.17673251,0.24385422,0.24402,0.3230302,NC,129247.58333333333
"Grand Forks, ND",116677,119992,26942.914425948,5499.391243629344,5443.5177969111965,4254,21.434117486711585,22.043098686677723,0.22453925616664447,24220,"Grand Forks, ND-MN",Grand Forks,ND-MN,0.25476736,0.30653515,0.31076932,0.35273299,ND,212462.5
"Grand Island, NE",76665,79392,31106.517827700998,2115.9066598455597,2089.528328185328,3526,36.69009841401887,37.9951776336762,0.3918092229406111,24260,"Grand Island, NE",Grand Island,NE,0.2546168,0.28672221,0.31317815,0.3432382,NE,161404.83333333334
"Grand Junction, CO",146821,151297,26880.898537518002,4325.9761277992275,4313.779901158301,7589,34.03534796955608,35.07295306359394,0.17766973923817395,24300,"Grand Junction, CO",Grand Junction,CO,0.25019151,0.28229931,0.30533361,0.34326184,CO,265403.5
"Grand Rapids, MI",799143,843684,165726.01395246,3355.3126586872586,3237.4029042471043,32208,246.84693985775306,260.60519031881466,0.19643138183545023,24340,"Grand Rapids-Wyoming, MI",Grand Rapids-Wyoming,MI,0.26677683,0.3491981,0.29494813,0.37401992,MI,217500
"Grants Pass, OR",84366,87835,6605.370873813,1210.0370525096525,1207.6320745173746,3476,69.86068172602698,72.73324537616551,0.0752020364753572,24420,"Grants Pass, OR",Grants Pass,OR,0.23359375,0.26199165,0.27741706,0.3132793,OR,291969.25
"Great Falls, MT",82176,82469,20917.962499668,3154.4965177606177,3140.4205733590734,4014,26.167195788079578,26.260495393389004,0.25364637014718255,24500,"Great Falls, MT",Great Falls,MT,0.27092353,0.29660368,0.35510203,0.37385404,MT,196456.66666666666
"Greeley, CO",178559,204482,48983.528443799,3200.3543567567567,3188.1280687258686,6676,56.007474025772396,64.13857774594386,0.23954934147650647,24540,"Greeley, CO",Greeley,CO,0.25570545,0.30535832,0.31712717,0.35681316,CO,382014.75
"Green Bay, WI",248368,251664,50474.194643370996,2583.868746332046,2523.537772200772,9665,98.4205597142296,99.72666261322665,0.20056183897327784,24580,"Green Bay, WI",Green Bay,WI,0.30152082,0.36587563,0.34536955,0.40876964,WI,180587.58333333334
"Greensboro, NC",874876,918756,169773.227442534,2653.624923938224,2614.839396138996,35624,334.5811606218796,351.36230598200837,0.18478597956642895,24660,"Greensboro-High Point, NC",Greensboro-High Point,NC,0.2749936,0.37066185,0.31997371,0.40691423,NC,155352.66666666666
"Greenville, NC",253411,260689,39854.232123455,1595.0684536679537,1577.4902837837838,8477,160.64187691360348,165.25553449033538,0.15288037517292638,24780,"Greenville, NC",Greenville,NC,0.23758149,0.31928006,0.28743246,0.36353299,NC,151614.33333333334
"Greenville, SC",606516,665430,211147.460119906,2280.4360544401543,2239.4767115830114,28803,270.82934011458156,297.13637858266884,0.3173097998585967,24860,"Greenville-Anderson-Mauldin, SC",Greenville-Anderson-Mauldin,SC,0.27526933,0.36425245,0.31149352,0.38449478,SC,202147.16666666666
"Gulfport, MS",683750,727064,200186.212435056,5834.561968339768,5751.450576061776,19914,118.88305236349403,126.4140220601264,0.275335063261358,25060,"Gulfport-Biloxi-Pascagoula, MS",Gulfport-Biloxi-Pascagoula,MS,0.24150307,0.29286602,0.29836509,0.33133119,MS,137492.25
"Hagerstown, MD",301559,317007,61387.418572943,1244.3227146718148,1232.0228621621623,9223,244.7673734485521,257.3061018069603,0.19364688657645732,25180,"Hagerstown-Martinsburg, MD-WV",Hagerstown-Martinsburg,MD-WV,0.25126317,0.3052913,0.30157906,0.35840461,MD,199883.66666666666
"Hammond, LA",114602,128331,56186.509617383,597.7801571428571,591.2874444015443,5524,193.81774648705982,217.03657200075804,0.43782491851059374,25220,"Hammond, LA",Hammond,LA,0.21578415,0.25823435,0.27938116,0.31624508,LA,162497.91666666666
"Hanford, CA",153050,150839,37843.50314576,744.4733482625483,743.2058725868726,2630,205.93217255843217,202.95722297642175,0.2508867278738257,25260,"Hanford-Corcoran, CA",Hanford-Corcoran,CA,0.23970826,0.24923512,0.29033211,0.29712373,CA,229217.91666666666
"Harrisburg, PA",588886,612117,201431.48291756,1709.8591254826256,1664.0935992277991,23692,353.8779310690606,367.83808331697503,0.32907349888593196,25420,"Harrisburg-Carlisle, PA",Harrisburg-Carlisle,PA,0.32349467,0.42247415,0.38510406,0.48745069,PA,189559.83333333334
"Harrisonburg, VA",282960,300252,74363.964334114,2055.541461003861,2043.9038393822393,10328,138.4409552679951,146.9012358677059,0.24767183677082585,25500,"Harrisonburg, VA",Harrisonburg,VA,0.24718574,0.27414089,0.29589379,0.3294217,VA,217134.66666666666
"Hartford, CT",1278432,1272609,743926.81529072,1682.2326810810812,1637.4277305019305,49641,780.7562899940107,777.2001025107224,0.5845682493921699,73450,"Hartford-West Hartford-East Hartford, CT",Hartford-West Hartford-East Hartford,CT,0.37761199,0.48062438,0.43547434,0.53337711,CT,253222.75
"Hattiesburg, MS",160553,165130,64269.032019133,2041.8908567567566,2027.3372718146718,6372,79.1940256967154,81.45166682216224,0.3892026404598377,25620,"Hattiesburg, MS",Hattiesburg,MS,0.25052422,0.28351903,0.29468331,0.33258033,MS,143339.16666666666
"Hickory, NC",413056,419868,96915.455746317,2127.6532177606177,2085.2252424710423,14220,198.08699395491618,201.3537873263256,0.23082362967960646,25860,"Hickory-Lenoir-Morganton, NC",Hickory-Lenoir-Morganton,NC,0.20109774,0.25540525,0.23653851,0.28725985,NC,151989.16666666666
"Hilton Head Island, SC",197061,223555,45901.51169194,1811.2546193050193,1613.301303088803,10530,122.14767298750078,138.56989985192777,0.20532536374467134,25940,"Hilton Head Island-Bluffton-Beaufort, SC",Hilton Head Island-Bluffton-Beaufort,SC,0.20242214,0.27150485,0.25485301,0.31991374,SC,318621.8333333333
"Hinesville, GA",86929,88937,14940.115864362002,790.7806942084942,762.4448216216216,1562,114.01349649816396,116.64712970420928,0.16798538138639713,25980,"Hinesville, GA",Hinesville,GA,0.26628107,0.28784162,0.30540857,0.33450833,GA,151042.5
"Homosassa Springs, FL",143748,147988,58835.937752594,740.1842362934364,627.2938752895753,4290,229.15575245118112,235.91494486007034,0.3975723555463551,26140,"Homosassa Springs, FL",Homosassa Springs,FL,0.18439174,0.24195179,0.2568717,0.30597329,FL,161563.66666666666
"Hot Springs, AR",104616,108007,37116.559467448,905.6189451737451,846.6664915057916,4831,123.56223028732487,127.5673492261518,0.3436495733373578,26300,"Hot Springs, AR",Hot Springs,AR,0.200555,0.22875041,0.24058945,0.27375662,AR,147275.33333333334
"Houma, LA",213127,214029,97599.19149178501,2400.18112972973,1693.0811011583012,7001,125.88115232884692,126.41390885148657,0.4560091926411141,26380,"Houma-Thibodaux, LA",Houma-Thibodaux,LA,0.2191426,0.26602289,0.26925623,0.30297536,LA,157736.75
"Houston, TX",5971020,6939730,1393559.133868558,9343.713745173745,8964.50764092664,256058,666.073390661173,774.1339823636602,0.20080884038263133,26420,"Houston-The Woodlands-Sugar Land, TX",Houston-The Woodlands-Sugar Land,TX,0.31743258,0.42440853,0.37326643,0.48016521,TX,218318
"Huntington, WV",317931,305066,60695.138605802,2283.0938212355213,2249.4186965250965,8239,141.3391826480059,135.61992725999218,0.19895740136823506,26580,"Huntington-Ashland, WV-KY-OH",Huntington-Ashland,WV-KY-OH,0.23073733,0.26508439,0.28295794,0.3069582,WV,102539.25
"Huntsville, AL",404830,444494,78155.276938092,1296.3304687258687,1240.995449034749,16164,326.21392795185375,358.1753666749778,0.1758297680915648,26620,"Huntsville, AL",Huntsville,AL,0.40514109,0.5850355,0.41486892,0.56752485,AL,187870.58333333334
"Idaho Falls, ID",104866,118535,20072.814601351,2189.297607722008,2143.3976857142857,5393,48.925125140766156,55.30238312284932,0.16934082424052813,26820,"Idaho Falls, ID",Idaho Falls,ID,0.32024261,0.3837491,0.34894282,0.40118551,ID,233107.16666666666
"Indianapolis, IN",1665959,1798936,695177.006423176,3390.065162934363,3361.9594335907336,74276,495.5321540631072,535.08557599657,0.3864378757349767,26900,"Indianapolis-Carmel-Anderson, IN",Indianapolis-Carmel-Anderson,IN,0.31272539,0.4090918,0.35959107,0.45413646,IN,180428.41666666666
"Iowa City, IA",172151,190353,27846.051272462,1717.952828957529,1704.6243606177607,7127,100.99057832167317,111.66859068646393,0.14628637989662363,26980,"Iowa City, IA",Iowa City,IA,0.29008862,0.35104591,0.36121973,0.42972472,IA,241030.66666666666
"Ithaca, NY",88644,88822,4588.902654466,358.400294980695,356.72360154440156,3742,248.49491207260766,248.99389783982176,0.05166403204685776,27060,"Ithaca, NY",Ithaca,NY,0.3544502,0.45513558,0.41638419,0.49601236,NY,217699.08333333334
"Jackson, MI",168990,167233,46865.639135629004,758.4103455598456,742.336098069498,4601,227.64621098107915,225.279358547836,0.2802415739455072,27100,"Jackson, MI",Jackson,MI,0.29569119,0.40103766,0.32452288,0.42001873,MI,146979
"Jackson, MS",577976,588211,205696.474852395,5051.706322393822,5014.297587644788,21740,115.26559600773015,117.30675926561476,0.34969844979504805,27140,"Jackson, MS",Jackson,MS,0.29780158,0.36943841,0.35386786,0.42772666,MS,142387.58333333334
"Jackson, TN",138517,138824,53257.941134228,1321.695922007722,1314.7548652509652,5448,105.35576148908898,105.58926509353573,0.38363641109770646,27180,"Jackson, TN",Jackson,TN,0.23080856,0.26938289,0.30233216,0.32931677,TN,118958.91666666667
"Jacksonville, FL",1365245,1521415,323045.30937404,3268.7173586872586,3058.3247305019304,70362,446.4028905707265,497.4667944271262,0.2123321443353983,27260,"Jacksonville, FL",Jacksonville,FL,0.31392929,0.40762556,0.36613652,0.46043634,FL,233445.66666666666
"Jacksonville, NC",205229,225922,27667.43321416,1043.482050965251,998.7653899613899,5571,205.48269099306066,226.20127035913174,0.12246453738086596,27340,"Jacksonville, NC",Jacksonville,NC,0.22761485,0.27445671,0.25546068,0.3171832,NC,166020.75
"Janesville, WI",231978,234950,40171.93440917,1234.9064231660232,1200.238267953668,7832,193.27662364532682,195.75279865103388,0.1709807806306448,27500,"Janesville-Beloit, WI",Janesville-Beloit,WI,0.27125108,0.31709501,0.30562428,0.35030547,WI,153545.91666666666
"Jefferson City, MO",173722,174557,34639.192830129,3237.72916988417,3197.064833976834,5640,54.33796592229471,54.59914298418161,0.1984405829048907,27620,"Jefferson City, MO",Jefferson City,MO,0.34570253,0.42167452,0.40289593,0.46687266,MO,156093.33333333334
"Johnson City, TN",213460,216633,69061.03424596101,919.8857467181467,901.5819023166023,6944,236.76162914485914,240.28099881260314,0.3187927704733859,27740,"Johnson City, TN",Johnson City,TN,0.25007829,0.307318,0.30309084,0.36187345,TN,153427
"Johnstown, PA",133572,123635,47911.926466502,601.7011803088803,596.4048528957529,4065,223.96196032185435,207.3004594105985,0.3875272088526874,27780,"Johnstown, PA",Johnstown,PA,0.2651937,0.31610015,0.32499018,0.36932415,PA,79970.16666666667
"Jonesboro, AR",156370,169757,44305.36613858,1828.1869833976834,1815.6966853281854,5852,86.12121245996342,93.4941399473429,0.2609928670898991,27860,"Jonesboro, AR",Jonesboro,AR,0.21591391,0.25361294,0.27824724,0.31688547,AR,126737.41666666667
"Joplin, MO",302912,306600,52493.49101063,2576.1465613899613,2564.394094208494,10944,118.12224988511153,119.56040637140555,0.17121164713186562,27900,"Joplin, MO",Joplin,MO,0.22722319,0.2663022,0.2768456,0.29780418,MO,119459.75
"Kahului, HI",154834,165971,6087.19582368,1173.618174903475,1057.8213548262547,8105,146.37065067138033,156.8988934121683,0.0366762616582415,27980,"Kahului-Wailuku-Lahaina, HI",Kahului-Wailuku-Lahaina,HI,0.19003266,0.22623667,0.2265799,0.25643194,HI,728363.5
"Kalamazoo, MI",353652,362177,84913.617727241,1223.1535258687259,1183.9034046332047,11617,298.71693806773703,305.9176944526223,0.23445336873197636,28020,"Kalamazoo-Portage, MI",Kalamazoo-Portage,MI,0.27961016,0.35184675,0.32143331,0.38785452,MI,173136.75
"Kankakee, IL",196054,191878,73841.43322941399,1033.793467953668,1024.9253706563707,6326,191.28612249538267,187.21167949732745,0.38483532885173904,28100,"Kankakee, IL",Kankakee,IL,0.21985066,0.25413939,0.27724481,0.29689351,IL,143657.75
"Kansas City, MO",2134909,2250731,347158.205071576,9722.363322007723,9577.907863320463,91200,222.89930436435324,234.9919243449183,0.1542424239376345,28140,"Kansas City, MO-KS",Kansas City,MO-KS,0.34792081,0.4454512,0.39479804,0.48864263,MO,205566
"Kennewick, WA",306508,345468,92493.43429539,3927.7993285714283,3838.6553613899614,12633,79.84775165880343,89.99713896558494,0.2677337243837056,28420,"Kennewick-Richland, WA",Kennewick-Richland,WA,0.27111742,0.33908379,0.31663498,0.35940728,WA,303016.6666666667
"Killeen, TX",433621,473774,78665.794812424,4183.372983783784,4132.20367992278,10946,104.93698607037281,114.65407726679474,0.1660407595444748,28660,"Killeen-Temple, TX",Killeen-Temple,TX,0.30000001,0.33442914,0.36031473,0.38821179,TX,151412.33333333334
"Kingsport, TN",317710,312277,84019.75641567301,2536.071245173745,2500.129338996139,8795,127.07742557333778,124.90433799932391,0.26905521833395674,28700,"Kingsport-Bristol-Bristol, TN-VA",Kingsport-Bristol-Bristol,TN-VA,0.24874286,0.32238421,0.28158811,0.34237808,TN,131305.33333333334
"Kingston, NY",425098,417068,107745.91384567,2897.334989189189,2868.9495111969113,16288,148.17200454066244,145.37307065609576,0.25834135883278025,28740,"Kingston, NY",Kingston,NY,0.27460095,0.30111599,0.33760926,0.35644352,NY,246135.08333333334
"Knoxville, TN",689520,730450,139355.522628684,2233.630062162162,2146.718705405405,25844,321.19718259490594,340.26349058250526,0.1907803718648559,28940,"Knoxville, TN",Knoxville,TN,0.29700688,0.38854551,0.34945592,0.42547292,TN,189467.33333333334
"Kokomo, IN",102310,102569,45601.261292552,609.5957096525096,608.5778976833977,3518,168.11323643111507,168.5388187616366,0.4445910683788669,29020,"Kokomo, IN",Kokomo,IN,0.22189923,0.2752988,0.23751345,0.26009741,IN,112544.08333333333
"La Crosse, WI",347704,355282,38407.300488536,3714.2809096525098,3650.857715057915,13044,95.23898961219425,97.31466623162115,0.10810370491197414,29100,"La Crosse-Onalaska, WI-MN",La Crosse-Onalaska,WI-MN,0.28367144,0.34944367,0.32613766,0.37473899,WI,186840.91666666666
"Lafayette, LA",276241,286260,88675.569276314,763.1015934362935,709.6374138996139,16551,389.27062551845296,403.38910321390506,0.3097728263687347,29180,"Lafayette, LA",Lafayette,LA,0.24472776,0.31087083,0.30385208,0.36816373,LA,156700.25
"Lake Charles, LA",184861,193944,73276.218916233,2360.8574416988417,1968.361418146718,7547,93.91618749266746,98.5306855803977,0.37782153052547646,29340,"Lake Charles, LA",Lake Charles,LA,0.21407752,0.29567829,0.25688434,0.32198793,LA,173293.08333333334
"Lake Havasu City, AZ",199445,206989,100714.298852285,11692.248076447877,11543.249196911196,6090,17.278064139286585,17.931606298111213,0.48656836282258964,29420,"Lake Havasu City-Kingman, AZ",Lake Havasu City-Kingman,AZ,0.2123618,0.24755459,0.27205974,0.30285826,AZ,246888.16666666666
"Lakeland, FL",653078,749342,236224.29821395501,2396.184496138996,2187.624720849421,21300,298.5329219293243,342.5368130366721,0.3152423035329062,29460,"Lakeland-Winter Haven, FL",Lakeland-Winter Haven,FL,0.26082939,0.3150284,0.31366169,0.36554962,FL,191667.58333333334
"Lancaster, PA",555785,576267,231454.485191839,1164.7329030888031,1122.840911969112,22257,494.9810735212051,513.2223041191185,0.40164452448576615,29540,"Lancaster, PA",Lancaster,PA,0.24055651,0.30670777,0.29463229,0.35845444,PA,235516.58333333334
"Lansing, MI",364686,376978,63382.701363422,800.4866733590734,786.2835891891892,12994,463.809756446859,479.44279288435536,0.1681336878104876,29620,"Lansing-East Lansing, MI",Lansing-East Lansing,MI,0.36431348,0.44880426,0.40994588,0.49284297,MI,163258.83333333334
"Laredo, TX",252035,274675,138409.381404436,2797.7797996138997,2785.459244015444,10242,90.48238653697659,98.61031016344573,0.5039023624444744,29700,"Laredo, TX",Laredo,TX,0.26591164,0.30128995,0.33681896,0.37159777,TX,177847
"Las Cruces, NM",189555,195343,56240.96849826,2606.097808880309,2602.747166795367,5682,72.82881811120734,75.05262228006423,0.2879087988730592,29740,"Las Cruces, NM",Las Cruces,NM,0.30582881,0.3728475,0.34512526,0.40245411,NM,179745.16666666666
"Las Vegas, NV",1948681,2179948,672791.928758272,5332.802737837838,5193.078828957529,84732,375.24579621896146,419.77949339883367,0.30862751256372717,29820,"Las Vegas-Henderson-Paradise, NV",Las Vegas-Henderson-Paradise,NV,0.23964137,0.32357496,0.30407009,0.37342075,NV,306214.5833333333
"Lawrence, KS",146036,162842,16019.011109162,762.0668084942085,749.5904594594595,5544,194.82104949055605,217.24129215495583,0.09837149573919506,29940,"Lawrence, KS",Lawrence,KS,0.30184817,0.36799163,0.350474,0.40940413,KS,203067.25
"Lawton, OK",273394,267912,44132.585118,4063.8680903474906,4027.8978594594596,7006,67.87510744790565,66.51409974828745,0.16472791483024277,30020,"Lawton, OK",Lawton,OK,0.26654515,0.32688621,0.34411854,0.38242462,OK,92306.16666666667
"Lebanon, PA",119648,124676,40888.917505984,404.33584362934363,403.4119833976834,3709,296.5900987677182,309.053784049579,0.32796141603824314,30140,"Lebanon, PA",Lebanon,PA,0.20704713,0.2296679,0.25906166,0.28456482,PA,186026.25
"Lewiston, ID",65003,66674,17181.642660616002,1905.4491208494208,1889.2531038610039,2707,34.40671864831426,35.291195162649494,0.2576962933169752,30300,"Lewiston, ID-WA",Lewiston,ID-WA,0.22166246,0.23441455,0.27285117,0.27638942,ID,244615.75
"Lewiston, ME",107702,107602,8810.196752786,497.118577992278,467.925266023166,4216,230.1692338935763,229.95552455308717,0.08187763008852995,74650,"Lewiston-Auburn, ME",Lewiston-Auburn,ME,0.28531143,0.31519419,0.34115347,0.36540416,ME,179441.83333333334
"Lexington, KY",510995,550810,68674.984984282,1973.7834478764478,1953.598781853282,22922,261.56599028754744,281.9463265008151,0.12467998944151704,30460,"Lexington-Fayette, KY",Lexington-Fayette,KY,0.26912341,0.34080881,0.30464965,0.36847436,KY,193708.83333333334
"Lima, OH",114394,110444,40769.092721064,540.5156494208494,535.8039606177606,3573,213.49972827395356,206.12762897956648,0.3691381398814241,30620,"Lima, OH",Lima,OH,0.19525893,0.22071144,0.23502064,0.25246018,OH,117706.25
"Lincoln, NE",317027,345884,38810.541704939,1870.8804590733591,1855.8285934362934,15153,170.82773760532797,186.3771262191588,0.11220681414849777,30700,"Lincoln, NE",Lincoln,NE,0.33379105,0.40259266,0.39048916,0.46179909,NE,199869
"Little Rock, AR",792847,824858,203290.43572798,5606.293541698842,5451.632984169884,33070,145.43293767247727,151.3047562803974,0.2464550695125464,30780,"Little Rock-North Little Rock-Conway, AR",Little Rock-North Little Rock-Conway,AR,0.30751234,0.38509184,0.36560059,0.44196075,AR,151954.58333333334
"Logan, UT",127417,139986,8196.168530846,1560.3136818532819,1547.0275891891893,6391,82.36246133579323,90.48707403684242,0.058549915926206904,30860,"Logan, UT-ID",Logan,UT-ID,0.33831605,0.37795717,0.3838523,0.41451836,UT,276296.1666666667
"Longview, TX",257091,262045,84665.088964382,2706.387118146718,2648.9091683397683,9251,97.05542306727509,98.92562687011252,0.3230937013275659,30980,"Longview, TX",Longview,TX,0.25540122,0.30825719,0.31459692,0.36577541,TX,164010.08333333334
"Longview, WA",107920,113141,9265.590091925,1231.108515057915,1189.7541366795367,3762,90.70781657560946,95.096118191077,0.08189418594430843,31020,"Longview, WA",Longview,WA,0.21785598,0.24812129,0.27162057,0.28629851,WA,282113.4166666667
"Los Angeles, CA",12940245,13369661,4250403.001246432,4814.182311969112,4506.860230888031,707772,2871.232817763744,2966.5133407888366,0.3179140444358635,31080,"Los Angeles-Long Beach-Anaheim, CA",Los Angeles-Long Beach-Anaheim,CA,0.33373454,0.44738179,0.39088523,0.50535589,CA,705286.9166666666
"Lubbock, TX",277426,298326,125882.46637501,3468.8190833976832,3459.0220965250965,11535,80.20359288213271,86.24576301484043,0.4219627735263101,31180,"Lubbock, TX",Lubbock,TX,0.28120643,0.34272766,0.33995634,0.39429203,TX,144330.66666666666
"Lynchburg, VA",542850,563166,89739.365492052,4303.082740540541,4235.086247104247,20194,128.17920777202005,132.9762765481025,0.15934798175325215,31340,"Lynchburg, VA",Lynchburg,VA,0.25989035,0.3367635,0.30855089,0.37984034,VA,177730.5
"Macon, GA",271745,267793,127890.175959749,1892.7195204633204,1866.2898895752896,9538,145.6070686113189,143.4894983334778,0.4775710192564742,31420,"Macon, GA",Macon,GA,0.28446573000000003,0.36960289,0.33681262,0.42105669,GA,106037.91666666667
"Madera, CA",301030,309862,70404.16620659,3376.0062463320464,3358.1398594594593,6026,89.64188884272828,92.2719162893581,0.22721135927151442,31460,"Madera, CA",Madera,CA,0.19255288,0.23905964,0.23706755,0.29431245,CA,271953.5833333333
"Madison, WI",561081,609765,60344.843728255,2907.0058420849423,2861.361850965251,26312,196.08879590350486,213.10307180977549,0.09896409883849516,31540,"Madison, WI",Madison,WI,0.38297972,0.46685943,0.42545289,0.512532,WI,292516.75
"Manchester, NH",324888,336030,106621.934319162,820.7163934362934,805.5758895752896,15033,403.29906121108627,417.13016035914325,0.31729885521876616,74950,"Manchester, NH",Manchester,NH,0.3406758,0.43576771,0.39278284,0.48086736,NH,318936.1666666667
"Manhattan, KS",140829,146377,17269.300190655,3054.304927413127,3010.5291517374517,4817,46.77881957021544,48.62168496708367,0.11797823558793391,31740,"Manhattan, KS",Manhattan,KS,0.30176511,0.37239885,0.35826859,0.41768038,KS,198799.58333333334
"Mankato, MN",133080,137049,21754.517431073,2010.3664532818532,1955.5846571428572,5449,68.05126002288858,70.08083209255228,0.15873532408899738,31860,"Mankato-North Mankato, MN",Mankato-North Mankato,MN,0.25985584,0.32786039,0.30022326,0.35807416,MN,214934.66666666666
"Mansfield, OH",56717,56584,12107.888813088,87.06787722007722,86.79526602316602,2436,653.4572978307596,651.9249561940105,0.2139807863192422,31900,"Mansfield, OH",Mansfield,OH,0.20299301,0.23869713,0.24868755,0.28929344,OH,116730.41666666667
"McAllen, TX",774680,855176,547574.952563153,1474.9778768339768,1462.99586988417,21612,529.51619067888,584.5375353436282,0.6403067351786684,32580,"McAllen-Edinburg-Mission, TX",McAllen-Edinburg-Mission,TX,0.25452441,0.2753647,0.29697475,0.30698913,TX,116324.75
"Medford, OR",201553,214990,15587.063933316,1914.0187613899614,1904.0359841698842,11112,105.855667474621,112.91278199961683,0.07250134393839713,32780,"Medford, OR",Medford,OR,0.2583757,0.30176851,0.31357661,0.35080349,OR,321583.5833333333
"Memphis, TN",1324563,1348364,382315.875879058,4829.027702702702,4710.061937065637,42666,281.21986880393365,286.273093223914,0.28354055424133096,32820,"Memphis, TN-MS-AR",Memphis,TN-MS-AR,0.2602374,0.34014583,0.31813696,0.3973625,TN,151069.41666666666
"Merced, CA",595610,634472,167809.354303294,3505.096898069498,3456.0095196911197,13908,172.34038176296244,183.58514245548312,0.26448661927286626,32900,"Merced, CA",Merced,CA,0.24273875,0.27116239,0.29579562,0.33159253,CA,277061.1666666667
"Miami, FL",5551913,6074919,2225164.692960079,2126.531698069498,1995.619615830116,367977,2782.0497232838516,3044.1267222526385,0.36628713781370237,33100,"Miami-Fort Lauderdale-West Palm Beach, FL",Miami-Fort Lauderdale-West Palm Beach,FL,0.31448448,0.40740648,0.3670482,0.46962363,FL,343540.9166666667
"Michigan City, IN",150370,146698,45734.870729231996,1251.6646934362934,1238.078335907336,3842,121.45435037420319,118.48846373076317,0.31176206035005244,33140,"Michigan City-La Porte, IN",Michigan City-La Porte,IN,0.22117449,0.25546363,0.2581183,0.30922475,IN,147663.83333333334
"Midland, MI",120486,119365,20219.710472013,792.6018945945946,775.0559428571429,4584,155.45458506626508,154.0082378569687,0.16939396365779752,33220,"Midland, MI",Midland,MI,0.3081646,0.41042456,0.36641955,0.47104606,MI,139747.33333333334
"Midland, TX",294646,375488,101354.12199255,2261.362745173745,2254.8498996138997,20260,130.67211260955887,166.52460993713825,0.2699263944321789,33260,"Midland, TX",Midland,TX,0.23858714,0.3602795,0.31079128,0.45006192,TX,271048.6666666667
"Milwaukee, WI",1504855,1521015,391450.077126457,1368.3913038610037,1322.244091891892,63371,1138.1068058673077,1150.328452459714,0.2573610892242726,33340,"Milwaukee-Waukesha-West Allis, WI",Milwaukee-Waukesha-West Allis,WI,0.32395992,0.42956898,0.36482447,0.46419871,WI,198492.5
"Minneapolis, MN",3310896,3549082,876958.373220209,6850.294151737452,6495.090534362935,166677,509.75363353033634,546.4253317522246,0.24709442419764013,33460,"Minneapolis-St. Paul-Bloomington, MN-WI",Minneapolis-St. Paul-Bloomington,MN-WI,0.36763227,0.47622299,0.41136688,0.51238036,MN,296162.5833333333
"Missoula, MT",116409,125091,12495.561621107,3319.222967953668,3294.3074084942086,7911,35.336410833987486,37.971866158409824,0.09989177175901542,33540,"Missoula, MT",Missoula,MT,0.28191999,0.33771703,0.35088956,0.39807907,MT,343453.25
"Mobile, AL",413910,415316,140736.539207844,1319.3172629343628,1256.1736776061775,13744,329.50061554288095,330.6198875233919,0.3388661626516773,33660,"Mobile, AL",Mobile,AL,0.24979036,0.33998099,0.30248636,0.39268759,AL,124057.75
"Modesto, CA",466579,492535,150488.643059039,1270.4184737451737,1244.859620849421,13674,374.80450983029976,395.65505359063883,0.305538983136303,33700,"Modesto, CA",Modesto,CA,0.24801552,0.28783533,0.30633941,0.3433843,CA,326125.8333333333
"Monroe, LA",183690,184404,96204.057910164,2047.6390073359073,1985.2482733590734,7887,92.52746997190101,92.88712272142432,0.5217026632294527,33740,"Monroe, LA",Monroe,LA,0.23971331,0.29752299,0.30708012,0.36061755,LA,134921.66666666666
"Monroe, MI",141666,140077,31989.101550058,465.14364594594593,448.2727861003861,3155,316.0263223480074,312.4816057172634,0.22836798011135304,33780,"Monroe, MI",Monroe,MI,0.26368517,0.34763196,0.31968281,0.39080977,MI,173663.08333333334
"Montgomery, AL",377768,376467,148681.518312001,2911.8731984555984,2849.9802397683397,12135,132.55109447029247,132.0946000771574,0.394939047279047,33860,"Montgomery, AL",Montgomery,AL,0.28549942,0.3871859,0.33606979,0.43529585,AL,134265.58333333334
"Morgantown, WV",126390,136083,15600.353598824,976.4141586872587,967.9202158301158,4397,130.5789443519416,140.5931994955714,0.11463851913041306,34060,"Morgantown, WV",Morgantown,WV,0.22701259,0.32971185,0.29491743,0.39385688,WV,174044.58333333334
"Morristown, TN",151254,159047,48683.398481133,796.1127656370656,718.1837799227799,3829,210.6062601640252,221.45724318238007,0.3060944153686206,34100,"Morristown, TN",Morristown,TN,0.19524617,0.2218056,0.23747069,0.25743532,TN,149506.58333333334
"Mount Vernon, WA",112843,120353,13818.336833129999,1251.9349718146718,1216.2660818532818,6223,92.77821825636691,98.95285398127068,0.11481505930994657,34580,"Mount Vernon-Anacortes, WA",Mount Vernon-Anacortes,WA,0.24356662,0.27726901,0.28708127,0.30309933,WA,380357.4166666667
"Muncie, IN",124647,121273,37839.339880155,479.8199030888031,475.9784034749035,3796,261.8753268845992,254.78676997662197,0.31201784304960706,34620,"Muncie, IN",Muncie,IN,0.27243227,0.34971789,0.32223454,0.39662257,IN,91415.41666666667
"Muskegon, MI",144546,145136,49332.498884466004,306.790561003861,256.345872972973,4503,563.8709854136788,566.1725633293186,0.3399053224869502,34740,"Muskegon, MI",Muskegon,MI,0.20719473,0.26593983,0.23267305,0.28115052,MI,142375
"Myrtle Beach, SC",249828,306622,86814.408641286,1006.566306949807,995.9084057915057,15650,250.8543943872502,307.8817270914687,0.28313170170857277,34820,"Myrtle Beach-Conway-North Myrtle Beach, SC-NC",Myrtle Beach-Conway-North Myrtle Beach,SC-NC,0.18870682,0.24616851,0.23949762,0.29040796,SC,225971.33333333334
"Napa, CA",333852,343620,24675.91856465,1687.5292494208495,1606.83817992278,16142,207.76952164283523,213.84854075132407,0.07181164822958501,34900,"Napa, CA",Napa,CA,0.2240888,0.31304055,0.26811585,0.36613354,CA,714675.5
"Naples, FL",247311,283385,75810.5753314,678.2641366795367,562.3791571428571,18599,439.75847408081904,503.9038100909094,0.2675179537780758,34940,"Naples-Immokalee-Marco Island, FL",Naples-Immokalee-Marco Island,FL,0.2173913,0.28339964,0.2681154,0.3334007,FL,400655.4166666667
"Nashville, TN",1563416,1770863,415344.532277346,5816.075346332046,5743.691495752896,73736,272.197070674156,308.31443529121356,0.23454357128549527,34980,"Nashville-Davidson--Murfreesboro--Franklin, TN",Nashville-Davidson--Murfreesboro--Franklin,TN,0.30752152,0.40069273,0.36409286,0.45780593,TN,279710.0833333333
"New Bern, NC",112686,110735,22419.271105028,1249.7065544401544,1065.1264436293436,3556,105.7958899377527,103.96418252717326,0.20245876285752473,35100,"New Bern, NC",New Bern,NC,0.24746436,0.32045582,0.28348973,0.34176874,NC,154772.41666666666
"New Haven, CT",838178,833159,476973.575574039,621.0014416988417,594.7465822393823,32442,1409.3027602513198,1400.86387190815,0.5724880551899926,75700,"New Haven, CT",New Haven,CT,0.30614942,0.37781811,0.37195748,0.44189078,CT,248923.58333333334
"New Orleans, LA",1109797,1179135,602658.632412153,2287.6630814671817,1646.2201602316602,49211,674.148590091271,716.2681082912198,0.5111023185743387,35380,"New Orleans-Metairie, LA",New Orleans-Metairie,LA,0.27050275,0.35226095,0.32029042,0.40050876,LA,206456.5
"New York, NY",18929284,19335518,8023346.861505315,7054.358770270271,6593.158934749034,1023709,2871.0492477640437,2932.6637187665488,0.4149538099525089,35620,"New York-Newark-Jersey City, NY-NJ-PA",New York-Newark-Jersey City,NY-NJ-PA,0.35236636,0.4659619,0.41956478,0.53913975,NY,478641.9166666667
"Niles, MI",121027,119414,36216.919874222,517.0300922779923,496.5470718146718,4025,243.73721419340356,240.48878098020353,0.3032887255616762,35660,"Niles-Benton Harbor, MI",Niles-Benton Harbor,MI,0.25128433,0.32533857,0.2792564,0.34913474,MI,178511.66666666666
"North Port, FL",733700,842492,270431.375417181,1337.0107536679536,1208.5932034749035,42779,607.0694406442898,697.0848401080674,0.32098984372217304,35840,"North Port-Sarasota-Bradenton, FL",North Port-Sarasota-Bradenton,FL,0.2582643,0.33641356,0.30832794,0.39036193,FL,285124.8333333333
"Ocala, FL",393904,424803,149401.896722832,1835.1922482625482,1735.4456034749035,13313,226.9757111437439,244.78036024258662,0.3516968964975106,36100,"Ocala, FL",Ocala,FL,0.20209664,0.26949722,0.24289994,0.31606284,FL,159053.33333333334
"Ocean City, NJ",178834,171398,82653.134533068,412.576088030888,326.53812123552126,12288,547.6665307050409,524.8943043816199,0.48222928233157913,36140,"Ocean City, NJ",Ocean City,NJ,0.19445275,0.22584306,0.25470829,0.28466079,NJ,375017.25
"Odessa, TX",126856,141044,44293.723311372,614.4389768339768,612.091938996139,5775,207.24991119479552,230.4294355376075,0.3140418827555373,36220,"Odessa, TX",Odessa,TX,0.20088267,0.26529139,0.26048112,0.3278093,TX,174545.08333333334
"Ogden, UT",547184,608894,50002.220996301,1225.0707,1215.5811185328184,23710,450.14190468871374,500.90774751003255,0.08211974661648991,36260,"Ogden-Clearfield, UT",Ogden-Clearfield,UT,0.33691397,0.43255445,0.35278675,0.4294838,UT,323886.9166666667
"Oklahoma City, OK",1292880,1424318,232902.879272084,6463.84542934363,6385.498623166023,62061,202.47126752318854,223.05509468480668,0.16351887659362868,36420,"Oklahoma City, OK",Oklahoma City,OK,0.32024133,0.40652001,0.37340865,0.46068013,OK,155214
"Olympia, WA",475628,529392,25385.708908952,1379.990654054054,1279.250884942085,21500,371.8019706678045,413.82969222957934,0.04795257372410615,36500,"Olympia-Tumwater, WA",Olympia-Tumwater,WA,0.3852973,0.4797588,0.44053987,0.51748711,WA,333965.4166666667
"Omaha, NE",873118,938317,193600.888895319,5044.7497911196915,4986.314418918919,39825,175.10287692393462,188.17846633173932,0.2063278070154532,36540,"Omaha-Council Bluffs, NE-IA",Omaha-Council Bluffs,NE-IA,0.34043512,0.42004812,0.38899702,0.4640663,NE,198349.41666666666
"Orlando, FL",2107196,2470593,438593.874777733,3321.8703559845558,2910.519832046332,120406,723.9930052352435,848.8493954919978,0.17752574980085065,36740,"Orlando-Kissimmee-Sanford, FL",Orlando-Kissimmee-Sanford,FL,0.30913433,0.40698722,0.3507984,0.44835913,FL,260442
"Oshkosh, WI",105400,107453,20830.322334695,428.21727027027026,414.17893667953666,3395,254.4793823775527,259.4361771785121,0.19385519561757233,36780,"Oshkosh-Neenah, WI",Oshkosh-Neenah,WI,0.29386073,0.36823598,0.31724948,0.38627639,WI,151924.75
"Owensboro, KY",75666,77755,20124.133829925,863.0880667953668,844.7449467181467,2290,89.57259856239936,92.04553433800336,0.2588146592492444,36980,"Owensboro, KY",Owensboro,KY,0.2110448,0.24201423,0.25425699,0.27409276,KY,121124.58333333333
"Panama City, FL",181048,196294,62496.448518720004,1010.8883617760617,852.365584942085,8508,212.40651100701294,230.29320219837058,0.31838185843031375,37460,"Panama City, FL",Panama City,FL,0.27824324,0.34998384,0.31020617,0.37866318,FL,208964
"Parkersburg, WV",175148,172383,39673.74964586,1822.8116250965252,1791.1493297297297,5329,97.78525837732829,96.24155682542182,0.23014885253105005,37620,"Parkersburg-Vienna, WV",Parkersburg-Vienna,WV,0.24614441,0.36920315,0.30350935,0.4280656,WV,105830
"Pensacola, FL",448500,487461,150155.456571378,1519.985154054054,1433.4132416988418,16606,312.8895331456895,340.0701108511281,0.3080358358337959,37860,"Pensacola-Ferry Pass-Brent, FL",Pensacola-Ferry Pass-Brent,FL,0.29036233,0.35213703,0.33499542,0.39884046,FL,180263.5
"Peoria, IL",362594,355351,101052.365565306,2044.4766181467182,2002.5770262548263,11969,181.06369704945382,177.44685739482856,0.2843733817135902,37900,"Peoria, IL",Peoria,IL,0.32186326,0.40816802,0.35138768,0.4142206,IL,113607.66666666667
"Philadelphia, PA",5941166,6051831,2764138.685171658,4427.958762548263,4284.173959073359,254333,1386.770485222089,1412.6016025056497,0.4567441961237282,37980,"Philadelphia-Camden-Wilmington, PA-NJ-DE-MD",Philadelphia-Camden-Wilmington,PA-NJ-DE-MD,0.34188336,0.43942869,0.40106103,0.49999312,PA,250237.25
"Phoenix, AZ",4232617,4809032,1711029.846282289,15649.681127027026,15623.587838223939,179247,270.9119725780705,307.80586698750767,0.35579506359747426,38060,"Phoenix-Mesa-Scottsdale, AZ",Phoenix-Mesa-Scottsdale,AZ,0.34667766,0.44133058,0.38884294,0.48088622,AZ,282639.8333333333
"Pine Bluff, AR",74945,69136,31728.66358621,2410.3649482625483,2364.7929783783784,1909,31.69199193554457,29.235540122167052,0.45893114421155407,38220,"Pine Bluff, AR",Pine Bluff,AR,0.22101925,0.23011872,0.27546775,0.28314459,AR,63706.5
"Pittsburgh, PA",2360528,2334327,593549.656654886,5564.469288416988,5506.240732432432,95791,428.70047182939186,423.9420529237903,0.25427014152468186,38300,"Pittsburgh, PA",Pittsburgh,PA,0.31597543,0.3994509,0.36815506,0.45329663,PA,160284.58333333334
"Pittsfield, MA",131219,126425,41084.233568963,932.5880308880309,913.4455702702703,5716,143.65278487384302,138.40452470812613,0.32496921944997426,76600,"Pittsfield, MA",Pittsfield,MA,0.28019553,0.35476792,0.32932425,0.40501913,MA,235189.08333333334
"Pocatello, ID",64008,66321,10176.569734836,1474.1830216216215,1472.5548857142858,2800,43.467310197372996,45.03804961254803,0.1534441539608269,38540,"Pocatello, ID",Pocatello,ID,0.25782228,0.31928506,0.2983416,0.35230783,ID,194933.41666666666
"Port St. Lucie, FL",417439,465262,159326.978452971,1092.7622440154441,1006.4993876447877,20153,414.7434217290572,462.25760860989175,0.342445715431243,38940,"Port St. Lucie, FL",Port St. Lucie,FL,0.27235156,0.32606894,0.32723862,0.38467833,FL,244744.5
"Portland, ME",514464,532490,53769.62780202,2404.0700768339766,2107.9393764478764,29413,244.0601498070271,252.6116291339022,0.100977723153524,76750,"Portland-South Portland, ME",Portland-South Portland,ME,0.34153235,0.44550616,0.38491789,0.48178625,ME,316346
"Portland, OR",2296028,2520998,229984.112267432,4637.147712741313,4532.273648648648,128995,506.5951833434833,556.2325215626964,0.091227407664517,38900,"Portland-Vancouver-Hillsboro, OR-WA",Portland-Vancouver-Hillsboro,OR-WA,0.34609646,0.43952808,0.39116162,0.47749302,OR,421044.5
"Providence, RI",1600852,1618268,859776.854385791,1758.127554826255,1586.9024725868726,69993,1008.7904125515588,1019.7652520901282,0.5312944792740084,77200,"Providence-Warwick, RI-MA",Providence-Warwick,RI-MA,0.31182271,0.39236581,0.36166343,0.44020227,RI,324596.25
"Provo, UT",519434,620113,55590.365478657004,2609.399767953668,2599.2289563706563,26777,199.84157175799308,238.57575088955358,0.08964554118145726,39340,"Provo-Orem, UT",Provo-Orem,UT,0.39045295,0.49995038,0.42573538,0.53445166,UT,362496.9166666667
"Pueblo, CO",302950,313210,106902.78527403,5253.067465637066,5229.5027003861005,8640,57.930938629715754,59.892884265434134,0.34131344872140096,39380,"Pueblo, CO",Pueblo,CO,0.23212163,0.25160402,0.27505085,0.29389712,CO,190357.58333333334
"Punta Gorda, FL",266284,305130,113805.84766709601,1243.1087196911196,1153.2407637065637,11038,230.90061362741997,264.58482010235184,0.3729749538462164,39460,"Punta Gorda, FL",Punta Gorda,FL,0.17911726,0.22914267,0.22786549,0.27741969,FL,224477.75
"Racine, WI",138259,139799,45122.600942553996,235.7333806949807,223.90326872586874,4117,617.4943348829556,624.3723050383868,0.32276769463697164,39540,"Racine, WI",Racine,WI,0.23774509,0.3195897,0.26775187,0.34069699,WI,165453.33333333334
"Raleigh, NC",900428,1036389,127137.733132686,1995.4474606177607,1971.5117555984557,48800,456.719569357411,525.6823841181725,0.12267375776150267,39580,"Raleigh, NC",Raleigh,NC,0.35944811,0.49456331,0.41300467,0.54099578,NC,283949.4166666667
"Rapid City, SD",142525,155139,37318.05982547,10598.433091891891,10571.947714285714,8326,13.481432546947627,14.674590169450328,0.24054596088327243,39660,"Rapid City, SD",Rapid City,SD,0.23685537,0.2853744,0.28334743,0.32253391,SD,223526.66666666666
"Reading, PA",338505,345359,158825.882289227,559.4626888030888,551.710905019305,10456,613.5550284041519,625.9782013696386,0.45988632781895655,39740,"Reading, PA",Reading,PA,0.26327392,0.33007059,0.31614298,0.37022027,PA,189648.25
"Redding, CA",172154,173570,23653.9519607,3544.192638996139,3472.1157073359072,6999,49.581872987778596,49.989693498197724,0.1362790341689232,39820,"Redding, CA",Redding,CA,0.26435575,0.30473611,0.31896758,0.35356098,CA,278100.6666666667
"Reno, NV",849650,920862,216175.47904104,11685.929135135135,11243.85281158301,45668,75.5657348275425,81.89915106780491,0.23475339306111015,39900,"Reno, NV",Reno,NV,0.2589801,0.34564951,0.30929998,0.38923916,NV,397266.6666666667
"Richmond, VA",1384485,1475169,320298.573594876,7019.223209266409,6804.186905019305,62118,203.47545111947096,216.8031273379335,0.21712669775115664,40060,"Richmond, VA",Richmond,VA,0.33731318,0.45246115,0.38674715,0.50246274,VA,246172
"Riverside, CA",4170209,4505876,1138263.350968151,9874.33188957529,9828.782715830115,134303,424.28539937946874,458.43683091527623,0.2526175489445672,40140,"Riverside-San Bernardino-Ontario, CA",Riverside-San Bernardino-Ontario,CA,0.248191,0.30152175,0.30143875,0.3496232,CA,389755
"Roanoke, VA",290999,294663,60225.984415023995,1907.6581432432433,1889.8425501930503,12849,153.98055249114483,155.91933834376823,0.20438936824448267,40220,"Roanoke, VA",Roanoke,VA,0.26184613,0.32308793,0.31594259,0.37510112,VA,181780
"Rochester, MN",181842,192555,17975.857349764,1474.480530888031,1460.8834092664092,7095,124.47399898347328,131.80723306091386,0.09335440445464412,40340,"Rochester, MN",Rochester,MN,0.24306482,0.30965853,0.29439834,0.34877658,MN,237697.91666666666
"Rochester, NY",1041129,1035404,230931.042097905,2819.493235135135,2791.9404401544402,38423,372.90516123703856,370.854616061482,0.22303472084124168,40380,"Rochester, NY",Rochester,NY,0.33922747,0.40852714,0.39265522,0.45416301,NY,155180.41666666666
"Rockford, IL",293736,286832,90640.95099652,592.0462571428571,586.9668108108108,10317,500.4303388027096,488.6681746175437,0.31600710867866905,40420,"Rockford, IL",Rockford,IL,0.25203148,0.30058146,0.29251796,0.32495639,IL,121676.25
"Rocky Mount, NC",139564,135627,44606.828367484,607.4575320463321,602.7614810810811,4375,231.54100648516123,225.00940132529138,0.3288934236360312,40580,"Rocky Mount, NC",Rocky Mount,NC,0.22235194,0.26582471,0.25984055,0.30102256,NC,108968.83333333333
"Rome, GA",46816,48301,14794.856449776,300.1734444015444,294.8075528957529,1597,158.80190158002713,163.83908595815302,0.3063053860122151,40660,"Rome, GA",Rome,GA,0.22382703,0.28373984,0.27734238,0.33074236,GA,124392.41666666667
"Sacramento, CA",2209489,2380516,327879.269134938,5096.927435135135,5019.393163320463,91178,440.19046289220427,474.2637053012251,0.13773453702261948,40900,"Sacramento--Roseville--Arden-Arcade, CA",Sacramento--Roseville--Arden-Arcade,CA,0.3502709,0.44375852,0.40342751,0.4892731,CA,431985.8333333333
"Saginaw, MI",142964,136877,74163.019634084,371.8123934362934,360.5609501930502,4493,396.50439107023305,379.6223632279475,0.5418223633925642,40980,"Saginaw, MI",Saginaw,MI,0.23427187,0.28549826,0.27311924,0.32497358,MI,93780.83333333333
"Salem, OR",289515,313402,47618.910481491,774.9911567567568,768.4352181467182,13361,376.759150495784,407.8443993702561,0.15194194830119465,41420,"Salem, OR",Salem,OR,0.29286161,0.35281464,0.35163167,0.40096799,OR,300880.1666666667
"Salinas, CA",489095,511207,54557.620541982,3295.8221934362937,3241.681196911197,17493,150.87695867996806,157.69811062454212,0.1067231484349432,41500,"Salinas, CA",Salinas,CA,0.21735431,0.30006251,0.25850368,0.33795309,CA,613932.3333333334
"Salt Lake City, UT",1071123,1178267,133850.85482988,2151.026496911197,2115.9853586872587,58734,506.20529844522014,556.8408094898105,0.11359976544355396,41620,"Salt Lake City, UT",Salt Lake City,UT,0.39780337,0.48986137,0.43339336,0.52558041,UT,389018.75
"San Angelo, TX",113045,120872,39002.555891936005,2366.973519305019,2348.3872722007723,4713,48.13729036014609,51.470215935349444,0.3226765164135284,41660,"San Angelo, TX",San Angelo,TX,0.27410376,0.31661162,0.33316553,0.38073868,TX,150229.25
"San Antonio, TX",2140051,2463804,694743.413500736,7617.925059073359,7558.658618532819,80781,283.1257645044164,325.9578351586196,0.28197998440652583,41700,"San Antonio-New Braunfels, TX",San Antonio-New Braunfels,TX,0.3269262,0.41764671,0.37705666,0.4631488,TX,207542.08333333334
"San Diego, CA",3041838,3260294,487184.32270161,2725.033786100386,2688.791005791506,156427,1131.3032487270489,1212.550173285134,0.1494295676100407,41740,"San Diego-Carlsbad, CA",San Diego-Carlsbad,CA,0.3477357,0.45893136,0.39516366000000003,0.50030339,CA,629255.5
"San Francisco, CA",4453606,4836168,552250.923463215,2721.3615884169885,2598.56192007722,245648,1713.8733410930824,1861.0940007372565,0.11419184020555427,41860,"San Francisco-Oakland-Hayward, CA",San Francisco-Oakland-Hayward,CA,0.39781314,0.53622544,0.44755739,0.5840202,CA,1179451.25
"San Jose, CA",1822974,1972474,264535.468236994,2547.530793822394,2535.351046718147,89778,719.0223233030099,777.9885166408195,0.13411353875234552,41940,"San Jose-Sunnyvale-Santa Clara, CA",San Jose-Sunnyvale-Santa Clara,CA,0.47426072,0.63637751,0.51112145,0.66457206,CA,1221723.5
"San Luis Obispo, CA",356515,373141,36523.549271325,2690.556102702703,2651.2453606177605,17557,134.47076807592387,140.74178329275992,0.09788136192839972,42020,"San Luis Obispo-Paso Robles-Arroyo Grande, CA",San Luis Obispo-Paso Robles-Arroyo Grande,CA,0.25224799,0.32955092,0.3068558,0.36732909,CA,642020.4166666666
"Santa Cruz, CA",188379,196903,18170.98421656,307.8257335907336,298.6764471042471,9793,630.7126049823743,659.2518489791561,0.09228393786057093,42100,"Santa Cruz-Watsonville, CA",Santa Cruz-Watsonville,CA,0.2935839,0.39231578,0.34384391,0.43725133,CA,895582.6666666666
"Santa Fe, NM",126696,131623,15175.754145431,832.7295822393822,831.6611177606177,8124,152.3408961827499,158.26518420677914,0.11529713002614285,42140,"Santa Fe, NM",Santa Fe,NM,0.33923164,0.43170851,0.39852861,0.49008697,NM,382864.25
"Santa Rosa, CA",451303,464675,48022.053183757,1518.1390494208495,1502.8172397683397,22660,300.3046465381038,309.2026014231976,0.10334546335343413,42220,"Santa Rosa, CA",Santa Rosa,CA,0.28310573,0.3749643,0.33938694,0.42393923,CA,664087.75
"Savannah, GA",352686,391865,86191.428803893,1206.6030532818534,1159.9307038610038,16024,304.05781899386886,337.8348367670744,0.21995184260878872,42340,"Savannah, GA",Savannah,GA,0.25080073,0.3287355,0.3030524,0.36976883,GA,201174.41666666666
"Scranton, PA",523508,516265,219198.016647099,1758.5981142857142,1728.9961803088804,17711,302.7814670512903,298.5923311338783,0.42458430582568835,42540,"Scranton--Wilkes-Barre--Hazleton, PA",Scranton--Wilkes-Barre--Hazleton,PA,0.24909435,0.30590999,0.30106217,0.35706991,PA,117969.75
"Seattle, WA",3406020,3835346,565079.047515046,4920.597171814672,4687.218837451737,193259,726.6611861143065,818.2562267745817,0.147334568384455,42660,"Seattle-Tacoma-Bellevue, WA",Seattle-Tacoma-Bellevue,WA,0.37474459,0.49018329,0.42281505,0.53369951,WA,539666.25
"Sebring, FL",75207,78765,38998.692079019,996.406071042471,917.3183513513513,2630,81.98571399908057,85.8644110672887,0.49512717677926743,42700,"Sebring, FL",Sebring,FL,0.21527778,0.21369685,0.28824487,0.29403579,FL,141668.66666666666
"Sheboygan, WI",102946,102670,18934.676039405,346.1178648648649,332.78239498069496,3716,309.3492971765288,308.5199263799877,0.18442267497228987,43100,"Sheboygan, WI",Sheboygan,WI,0.2467314,0.33989111,0.27550825,0.35662973,WI,149547.58333333334
"Sherman, TX",98728,106142,37088.523811729,631.756145945946,608.6537683397684,3403,162.2071613378842,174.38814235805145,0.3494236382556292,43300,"Sherman-Denison, TX",Sherman-Denison,TX,0.25330776,0.27163905,0.29935434,0.3038756,TX,173900.33333333334
"Shreveport, LA",397436,397826,215107.491176397,2773.420255212355,2665.5123138996137,14832,149.10304406681047,149.24935740326225,0.5407074730570576,43340,"Shreveport-Bossier City, LA",Shreveport-Bossier City,LA,0.24113959,0.28996527,0.29716572,0.3393575,LA,112307.75
"Sierra Vista, AZ",123714,119324,38807.265538401,5196.893379150579,5176.989259459459,2917,23.896901036437004,23.048917820713978,0.3252259858737639,43420,"Sierra Vista-Douglas, AZ",Sierra Vista-Douglas,AZ,0.35984993,0.46716473,0.41075763,0.49797595,AZ,155842.58333333334
"Sioux City, IA",165548,165997,73935.543629212,3212.9799826254825,3187.7926173745172,5690,51.9318600268126,52.07270984168223,0.44540289058966126,43580,"Sioux City, IA-NE-SD",Sioux City,IA-NE-SD,0.23079897,0.27648738,0.27335745,0.32779449,IA,145839.25
"Sioux Falls, SD",230168,261217,86614.551413773,2830.999866795367,2819.8019644787646,12949,81.6255903426701,92.63664728607475,0.3315808366751513,43620,"Sioux Falls, SD",Sioux Falls,SD,0.29081249,0.36277238,0.34037104,0.40788794,SD,223419.58333333334
"South Bend, IN",260974,263113,84729.900756656,673.6438945945946,649.8817679536679,8939,401.57150557054194,404.8628734861787,0.32202856094779053,43780,"South Bend-Mishawaka, IN-MI",South Bend-Mishawaka,IN-MI,0.27566135,0.34196228,0.32677719,0.38517532,IN,133278.25
"Spartanburg, SC",196447,217298,80336.810907982,416.88545598455596,409.8700436293436,7697,479.2909436866585,530.1631660510138,0.36970800885411736,43900,"Spartanburg, SC",Spartanburg,SC,0.2362117,0.30303571,0.27095395,0.32709742,SC,149842.58333333334
"Spokane, WA",473579,506026,94824.498913375,2134.438546718147,2109.5540374517377,22900,224.49247167522938,239.873447665394,0.18739056671668058,44060,"Spokane-Spokane Valley, WA",Spokane-Spokane Valley,WA,0.28824699,0.34493747,0.34154212,0.38370025,WA,273017.4166666667
"Springfield, IL",200506,199433,43163.433346547,1008.0370945945946,995.078423938224,8090,201.4976861888503,200.41937921908064,0.2164307479030401,44100,"Springfield, IL",Springfield,IL,0.38129437,0.46403995,0.42916358,0.49849075,IL,135570.66666666666
"Springfield, MA",693392,700259,418574.096402292,1916.4259115830116,1855.453635135135,22138,373.7048379274103,377.40581965498654,0.5977418303831754,78100,"Springfield, MA-CT",Springfield,MA-CT,0.30223149,0.35632816,0.35325184,0.40119877,MA,234942.5
"Springfield, MO",403428,424360,92720.23813212,3140.7838525096527,3114.7929783783784,18644,129.52000431503234,136.2401941142586,0.21849429289310962,44180,"Springfield, MO",Springfield,MO,0.28283477,0.34036371,0.33333564,0.38588983,MO,155276
"Springfield, OH",265960,259264,78823.1014416,704.096016988417,695.0269915057916,6978,382.66139768729226,373.0272394720941,0.30402640336336706,44220,"Springfield, OH",Springfield,OH,0.23694029,0.2833592,0.29054794,0.33243307,OH,122262.25
"St. Cloud, MN",386696,405322,96508.717409302,4642.21977915058,4506.283546718147,15794,85.81262053108586,89.94596007949599,0.23810382216929257,41060,"St. Cloud, MN",St. Cloud,MN,0.26321632,0.30679321,0.31593502,0.3506667,MN,208809.33333333334
"St. George, UT",137008,164638,27788.655075197,1366.9006266409267,1363.6622235521236,9525,100.47062801455034,120.73224377452075,0.16878639849364666,41100,"St. George, UT",St. George,UT,0.23523147,0.29471567,0.28970098,0.35072196,UT,332790.5833333333
"St. Joseph, MO",118792,117819,33558.266440793,1630.7305046332046,1613.9681764478764,3812,73.60244255958315,72.99958061087891,0.284828987181974,41140,"St. Joseph, MO-KS",St. Joseph,MO-KS,0.25756466,0.29912418,0.30387238,0.33971831,MO,116777.41666666667
"St. Louis, MO",2859405,2875111,944713.164711951,10286.532369498069,10077.906911969112,125135,283.7300468219252,285.28850535276825,0.3285831972094124,41180,"St. Louis, MO-IL",St. Louis,MO-IL,0.32588252,0.41826496,0.37592381,0.46641737,MO,181533.83333333334
"State College, PA",137015,143991,26344.899409716,645.4441011583011,645.1765563706564,4812,212.36822486352767,223.18076901305852,0.18296212547809237,44300,"State College, PA",State College,PA,0.29183468,0.36360225,0.36125666,0.42701855,PA,250844.16666666666
"Staunton, VA",114475,117426,19641.504908791,1058.106640926641,1053.3321745173746,4228,108.67891703056655,111.48050239118854,0.1672670865804081,44420,"Staunton-Waynesboro, VA",Staunton-Waynesboro,VA,0.22543751,0.26315528,0.28577051,0.32333127,VA,201141.16666666666
"Stockton, CA",614626,658716,172999.745604882,1190.5058725868726,1164.5303675675675,17966,527.7887267841803,565.6494826973934,0.2626317648347421,44700,"Stockton-Lodi, CA",Stockton-Lodi,CA,0.22769897,0.27840576,0.28545684,0.32741696,CA,382739.8333333333
"Sumter, SC",113781,113042,40138.005107521996,920.0061976833977,895.8817301158301,2881,127.00448750672598,126.17960183805133,0.3550716115029989,44940,"Sumter, SC",Sumter,SC,0.22416908,0.28086683,0.27269158,0.33070678,SC,124960
"Syracuse, NY",593799,583315,129342.969089946,2416.0953934362933,2382.179794980695,21234,249.26707935779973,244.86606814022076,0.22173777305563203,45060,"Syracuse, NY",Syracuse,NY,0.32639894,0.39347753,0.38042909,0.4399682,NY,142098.83333333334
"Tallahassee, FL",372046,386474,75130.73326215,2622.119391891892,2499.7504590733593,15634,148.83325599544642,154.60503211319073,0.1944004855750969,45220,"Tallahassee, FL",Tallahassee,FL,0.38014126,0.44594127,0.43416938,0.49343306,FL,182953.83333333334
"Tampa, FL",2776089,3084405,742003.164997923,2723.180076061776,2501.362783783784,141928,1109.8306163333257,1233.0898260724318,0.24056606217339258,45300,"Tampa-St. Petersburg-Clearwater, FL",Tampa-St. Petersburg-Clearwater,FL,0.34797734,0.43807134,0.39938056,0.49317366,FL,232342
"Terre Haute, IN",174868,172141,55319.237031483004,1538.3630907335908,1518.1293467181467,5245,115.18649605056721,113.39020642221956,0.32136003062305324,45460,"Terre Haute, IN",Terre Haute,IN,0.2212273,0.24653159,0.26568964,0.2922712,IN,94954.25
"Texarkana, TX",138681,139722,40921.661548617,1672.233042857143,1621.5548111969113,4669,85.5234735467474,86.16544999602425,0.2928791568157985,45500,"Texarkana, TX-AR",Texarkana,TX-AR,0.23841801,0.25641912,0.29689381,0.31172878,TX,110963.08333333333
"The Villages, FL",40818,63582,11014.841591915001,387.5277536679537,359.8706135135135,1199,113.42409873782941,176.6801667389061,0.1732383629315687,45540,"The Villages, FL",The Villages,FL,0.14732754,0.22181602,0.19269684,0.27297512,FL,278515.9166666667
"Toledo, OH",635691,628193,225587.459468594,1540.9027351351351,1515.6512787644788,22380,419.4177175888371,414.47066934294236,0.35910533779999776,45780,"Toledo, OH",Toledo,OH,0.25834081,0.31394958,0.30763268,0.35740691,OH,121418.41666666667
"Topeka, KS",211650,210037,57870.228443716,2517.3550675675674,2472.009136679537,6493,85.61861558662905,84.96610990771937,0.2755239716988721,45820,"Topeka, KS",Topeka,KS,0.32149363,0.39753208,0.37747237,0.44099402,KS,130440.08333333333
"Trenton, NJ",267880,264595,170681.97737497,134.36740694980693,131.29158108108106,11597,2040.3440783805227,2015.3234336982769,0.6450687933444321,45940,"Trenton, NJ",Trenton,NJ,0.42696351,0.54826015,0.49445292,0.60267299,NJ,261644.33333333334
"Tucson, AZ",937014,974966,337871.565549426,2845.224657915058,2844.0894845559847,34767,329.4600978936095,342.8042631198049,0.34654702374177765,46060,"Tucson, AZ",Tucson,AZ,0.3300246,0.40594903,0.37286454,0.4464902,AZ,219041.5
"Tulsa, OK",904929,952930,190553.964500273,5940.797357142857,5786.523571428572,39908,156.38560680339404,164.68091562007436,0.19996638210600254,46140,"Tulsa, OK",Tulsa,OK,0.29516971,0.38411924,0.35133934,0.43774456,OK,148206.16666666666
"Tuscaloosa, AL",455988,477320,175613.72292971,6624.479116602317,6511.054681853282,13784,70.0328936371656,73.30916776514269,0.3679161211131107,46220,"Tuscaloosa, AL",Tuscaloosa,AL,0.22178003,0.2819863,0.26611057,0.30648509,AL,164431
"Tyler, TX",212561,228843,65588.46770046,991.9320247104247,962.8508042471043,10000,220.76213579757132,237.67233614032497,0.28660901884899254,46340,"Tyler, TX",Tyler,TX,0.2638205,0.31061065,0.32635415,0.36476904,TX,164711.16666666666
"Utica, NY",276277,269477,87450.167788067,2698.7693316602317,2637.4638532818535,8170,104.75100906358301,102.17277467696246,0.3245181139320499,46540,"Utica-Rome, NY",Utica-Rome,NY,0.30828804,0.35758936,0.3710514,0.40434927,NY,135378.33333333334
"Valdosta, GA",293150,302722,103915.781923452,3283.7623413127412,3215.6143845559845,10520,91.1645380764393,94.14126316075681,0.34327132459303256,46660,"Valdosta, GA",Valdosta,GA,0.21128754,0.28460109,0.28307438,0.34262639,GA,125546.41666666667
"Vallejo, CA",353779,376664,28000.473041268,433.91289884169885,422.70539305019304,11264,836.9398777885747,891.0792390937723,0.07433806533480238,46700,"Vallejo-Fairfield, CA",Vallejo-Fairfield,CA,0.24401052,0.30841136,0.30010083,0.35476646,CA,457358.25
"Victoria, TX",258190,271434,95399.19384746,6245.506295752895,5769.067850965251,10208,44.75419715453702,47.04988864961695,0.3514636849011546,47020,"Victoria, TX",Victoria,TX,0.25128824,0.26470685,0.31288674,0.33172381,TX,156521.33333333334
"Vineland, NJ",69603,68239,34613.617168959,304.4042698841699,288.7729003861004,1452,241.03023485561883,236.30679994127513,0.5072409790436407,47220,"Vineland-Bridgeton, NJ",Vineland-Bridgeton,NJ,0.22530302,0.23147467,0.27818686,0.2830539,NJ,137556.58333333334
"Virginia Beach, VA",1634069,1680325,262715.306205992,3043.747148648649,2514.501953667954,64138,649.8579162431555,668.2536068619381,0.15634791258000208,47260,"Virginia Beach-Norfolk-Newport News, VA-NC",Virginia Beach-Norfolk-Newport News,VA-NC,0.30519652,0.39614105,0.34641182,0.42769811,VA,245230.33333333334
"Visalia, CA",408717,425482,123348.09627665,2901.0995691119692,2891.3355247104246,10132,141.35924264304612,147.15760117207884,0.28990203175845275,47300,"Visalia-Porterville, CA",Visalia-Porterville,CA,0.21882217,0.27207389,0.26936284,0.32376823,CA,223476.41666666666
"Waco, TX",225376,242129,68519.468771405,1161.3203637065637,1135.8054525096525,8138,198.42834836020006,213.1782335302201,0.2829874520251808,47380,"Waco, TX",Waco,TX,0.29967549,0.3680484,0.3473382,0.40433186,TX,160252.66666666666
"Walla Walla, WA",17878,18967,2575.00256368,1104.7820613899614,1076.0118374517374,213,16.6150588476234,17.62712949786738,0.13576224830916855,47460,"Walla Walla, WA",Walla Walla,WA,0.28889835,0.34419036,0.3482103,0.39794746,WA,273725.4166666667
"Warner Robins, GA",132758,144503,40740.221337946,572.4784606177606,565.5239424710425,3718,234.75221830558985,255.52056977216176,0.28193339472499535,47580,"Warner Robins, GA",Warner Robins,GA,0.33585522,0.45605308,0.35000509,0.44824097,GA,143688.33333333334
"Washington, DC",5510872,6050912,1565056.333226408,5458.507097683398,5294.010581853282,269834,1040.9635407398073,1142.9731592795094,0.25864800764354334,47900,"Washington-Arlington-Alexandria, DC-VA-MD-WV",Washington-Arlington-Alexandria,DC-VA-MD-WV,0.44660702,0.59701127,0.49770674,0.64398098,DC,453157.1666666667
"Waterloo, IA",188067,189564,74002.081870323,2265.6334552123553,2255.3196034749035,6601,83.38818130709019,84.05194532425809,0.3903804618510002,47940,"Waterloo-Cedar Falls, IA",Waterloo-Cedar Falls,IA,0.26490468,0.3123852,0.30636242,0.34740162,IA,145875.91666666666
"Watertown, NY",114865,111402,6847.325386206,1226.7298652509653,1202.540291891892,3453,95.51862900102006,92.63889181188036,0.06146501307163247,48060,"Watertown-Fort Drum, NY",Watertown-Fort Drum,NY,0.26954299,0.2966409,0.31780127,0.3408525,NY,140475.75
"Wausau, WI",147355,147454,39577.947517278,1975.0348795366795,1963.4883277992278,5874,75.0475558798776,75.09797634767381,0.2684087750571568,48140,"Wausau, WI",Wausau,WI,0.26594284,0.32284588,0.30669415,0.36500844,WI,167788
"Wenatchee, WA",112630,119525,14495.86391899,4240.920864478764,4138.098413513513,5733,27.21781570786033,28.884039975867935,0.12127892841656558,48300,"Wenatchee, WA",Wenatchee,WA,0.19896594,0.22785683,0.24785352,0.26920587,WA,356111.1666666667
"Wichita Falls, TX",162002,161394,57281.972448618,3104.7908633204634,3044.722001930502,5596,53.207484918913075,53.00779509514115,0.3549200865497974,48660,"Wichita Falls, TX",Wichita Falls,TX,0.27085584,0.31141201,0.31768787,0.35766387,TX,106857.16666666667
"Wichita, KS",596187,611649,94161.715597774,4098.489037065637,4067.9845884169886,22450,146.55586496014715,150.35676431557388,0.1539473057223571,48620,"Wichita, KS",Wichita,KS,0.29718778,0.36983702,0.33535591,0.3976042,KS,139918.08333333334
"Williamsport, PA",95335,93630,29116.309491582,1200.9865366795366,1188.7917984555984,3410,80.19486685881672,78.76063758316474,0.31097201208567765,48700,"Williamsport, PA",Williamsport,PA,0.2386073,0.2954084,0.29523155,0.35392398,PA,161975
"Wilmington, NC",377018,433424,59875.250133665,2205.592268725869,2121.859474131274,19852,177.6828317786491,204.26611907343735,0.13814475002229917,48900,"Wilmington, NC",Wilmington,NC,0.26419732,0.35331386,0.31352213,0.40209645,NC,260407.25
"Winchester, VA",104919,109868,15965.968533131,1065.9007633204633,1060.7568764478765,4793,98.909563849672125,103.57510042066524,0.1453195519453435,49020,"Winchester, VA-WV",Winchester,VA-WV,0.23115605,0.29355648,0.27867803,0.34275076,VA,242180.33333333334
"Winston, NC",282312,291550,48036.187003641004,769.5516791505792,758.2967737451737,11636,372.2975090684893,384.4800744173753,0.16476140285934146,49180,"Winston-Salem, NC",Winston-Salem,NC,0.26187831,0.35168767,0.30600369,0.38887295,NC,157695.08333333334
"Worcester, MA",796645,822431,488498.3691835,1524.656755984556,1472.229376061776,28709,541.1147290995042,558.6296628586564,0.5939688182759405,79600,"Worcester, MA-CT",Worcester,MA-CT,0.31928214,0.38053605,0.36986655,0.42283213,MA,303129.25
"Yakima, WA",345168,350112,145450.21259184,3558.3142185328184,3551.8652293436294,10654,97.17936287345725,98.57130757877863,0.4154390954661366,49420,"Yakima, WA",Yakima,WA,0.23297589,0.25739917,0.29090744,0.30790058,WA,224018.91666666666
"York, PA",364729,372431,95785.92980943,763.5306579150579,758.8796687258688,10854,480.61506327131764,490.764234895498,0.2571910764931759,49620,"York-Hanover, PA",York-Hanover,PA,0.25058788,0.32871148,0.29218242,0.36305711,PA,191286.25
"Youngstown, OH",480949,461018,201776.07350610002,1134.1138328185327,1101.1170571428572,15876,436.7828078587311,418.68209833769583,0.4376750441546751,49660,"Youngstown-Warren-Boardman, OH-PA",Youngstown-Warren-Boardman,OH-PA,0.24041753,0.28764063,0.28898236,0.32354,OH,94593.33333333333
"Yuba City, CA",133002,136710,16480.198763228,848.3279277992278,835.141283011583,3305,159.2568858773029,163.69685319232852,0.12054859749270719,49700,"Yuba City, CA",Yuba City,CA,0.24950467,0.29240558,0.31410834,0.35860741,CA,298784.9166666667
"Yuma, AZ",195038,208985,147364.20934844,2015.6541162162162,2010.5906996138997,5255,97.00532288220262,103.94209027234238,0.7051425190728521,49740,"Yuma, AZ",Yuma,AZ,0.24496481,0.27326667,0.28302735,0.31503668,AZ,159372.5
