MetroShort,post_pct_change,pre_pct_change,2010 Population,2019 Population,area,land_area,estab_count,density,density2019,AREA,Msa,MsaName,end,teleworkable_manual_emp,teleworkable_manual_wage,wfh_emp,wfh_wage,MetroState
"Abilene, TX",8.338001006799441,2.1031068113596176,175821,181482,4120.11506023166,4100.407825868726,6262,42.87890557880056,44.25949995877559,10180,"Abilene, TX",Abilene,TX,0.27246296,0.30905688,0.32867125,0.3575404,TX
"Akron, OH",10.199219312958608,4.858481823717864,900018,903486,1281.2687613899614,1255.736540926641,35583,716.725181331311,719.4869071288583,10420,"Akron, OH",Akron,OH,0.31823412,0.39422074,0.36687246,0.44169754,OH
"Albany, GA",3.0125359217772716,0.8864451914658101,189181,183695,3117.818735907336,3079.036891891892,5273,61.44161523305396,59.65988926073891,10500,"Albany, GA",Albany,GA,0.27158603,0.31853243999999997,0.31485352,0.36687845,GA
"Albany, NY",9.471247337716456,1.9924161543275782,932389,941115,3459.153245559846,3395.5572884169883,36791,274.5908611763345,277.1606897078001,10580,"Albany-Schenectady-Troy, NY",Albany-Schenectady-Troy,NY,0.36932078,0.44743568,0.424283,0.49190852,NY
"Albany, OR",11.45857500859747,5.327818912932845,168645,183015,2363.3616451737453,2345.6535996138996,6446,71.8968052349074,78.02302950023171,10540,"Albany, OR",Albany,OR,0.22239512,0.24164519,0.27380314,0.29124367,OR
"Albuquerque, NM",12.643814289805578,6.325764043025439,902666,928672,11753.961532818532,11738.836901930503,33175,76.89569312029138,79.11107444105266,10740,"Albuquerque, NM",Albuquerque,NM,0.3213281,0.41661993,0.35720241,0.44349107,NM
"Alexandria, LA",-0.030748652824648122,-1.1288122251051813,183492,182074,3301.73151003861,3210.5124343629345,5789,57.1534930175128,56.71181897668904,10780,"Alexandria, LA",Alexandria,LA,0.25201264,0.28886458,0.30110911,0.33358815000000003,LA
"Allentown, PA",12.698959448352841,2.705259755427153,1003571,1016995,2144.4967822393824,2111.092347876448,35928,475.37996194694847,481.73875530504256,10900,"Allentown-Bethlehem-Easton, PA-NJ",Allentown-Bethlehem-Easton,PA-NJ,0.26702428,0.33526921,0.32324323,0.38200048,PA
"Altoona, PA",4.432009138845889,2.9978991506382027,143137,138425,727.0263648648648,725.4472216216217,5155,197.3086335351041,190.81332986646908,11020,"Altoona, PA",Altoona,PA,0.22866811,0.27055547,0.28467274,0.32292062,PA
"Amarillo, TX",7.721662956940014,2.3451137747140627,259360,271383,4416.158123938224,4382.724571428572,10200,59.177800423689476,61.921071145828655,11100,"Amarillo, TX",Amarillo,TX,0.27327612,0.32389587,0.32019514,0.36323431,TX
"Ames, IA",4.075866008927365,2.6271531329217885,99628,109309,901.3906247104247,895.118032046332,3625,111.30152274135304,122.11685619840365,11180,"Ames, IA",Ames,IA,0.30733138,0.40163776,0.36483634,0.45461854,IA
"Anchorage, AK",-2.596919424632497,6.912711300894283,382192,400072,16546.50408030888,16210.489195752896,18984,23.57683320871854,24.679822747410842,11260,"Anchorage, AK",Anchorage,AK,0.31688967,0.39055315,0.37114996,0.44523495,AK
"Ann Arbor, MI",5.331465635372576,0.8208475808870996,518465,545756,1092.2275621621623,1062.044932046332,21119,488.1761443002506,513.8727972162587,11460,"Ann Arbor, MI",Ann Arbor,MI,0.39217666,0.47228894,0.4488267,0.4869498,MI
"Anniston, AL",8.256492131243686,5.269058854600087,142430,139020,904.7189733590734,891.5877745173746,3727,159.74871355442127,155.9240760958762,11500,"Anniston-Oxford-Jacksonville, AL",Anniston-Oxford-Jacksonville,AL,0.20440839,0.24566156,0.24739432,0.283943,AL
"Appleton, WI",8.680821441002436,6.12102770694495,417537,439183,1846.101988030888,1822.5607714285713,16526,229.09359542108626,240.97029129830153,11540,"Appleton, WI",Appleton,WI,0.29332155,0.35994455,0.32069758,0.38529652,WI
"Asheville, NC",10.976061434954723,3.4294490866870233,428985,458603,2103.551106949807,2094.9866706563707,22727,204.76741260869056,218.9049727253478,11700,"Asheville, NC",Asheville,NC,0.22882566,0.26964962,0.27794152,0.31634319,NC
"Athens, GA",6.712972150558974,7.282271985622739,265878,291286,1585.5511046332047,1570.0734583011583,9763,169.34112133051644,185.52380365385935,12020,"Athens-Clarke County, GA",Athens-Clarke County,GA,0.27503628,0.33523348,0.34712631,0.40519637,GA
"Atlanta, GA",10.30532305123944,4.9455697747294005,5430554,6009615,10367.38131158301,10192.647372972973,268859,532.7913152769088,589.6029539818296,12060,"Atlanta-Sandy Springs-Roswell, GA",Atlanta-Sandy Springs-Roswell,GA,0.35666603,0.49576303,0.40385821,0.53915775,GA
"Atlantic City, NJ",14.638438463048068,3.2880250326981346,372075,361497,865.0731150579151,810.7232498069499,14237,458.9420620274537,445.89445299130125,12100,"Atlantic City-Hammonton, NJ",Atlantic City-Hammonton,NJ,0.23016249,0.30331406,0.31230041,0.36562926,NJ
"Auburn, AL",7.780169614192663,3.2294931598903225,174533,194248,728.228113899614,719.6475193050193,6055,242.52567446984418,269.92103048946785,12220,"Auburn-Opelika, AL",Auburn-Opelika,AL,0.22107916,0.28251991,0.28019658,0.33848035,AL
"Augusta, GA",10.7777337930576,3.155466587936813,607613,642385,4687.245382239382,4594.418318532818,18440,132.25025626182753,139.8185701569158,12260,"Augusta-Richmond County, GA-SC",Augusta-Richmond County,GA-SC,0.26595157,0.33461559,0.30150679,0.35787222,GA
"Austin, TX",15.890861797593367,4.004818130017383,1775659,2177584,5870.20088030888,5793.022355212355,99626,306.5168561627119,375.8977380849717,12420,"Austin-Round Rock, TX",Austin-Round Rock,TX,0.39755037,0.52127868,0.45512399,0.57666129,TX
"Bakersfield, CA",12.621989857435995,3.8007501253089515,843086,890464,6608.706251351351,6577.331714671815,22116,128.1805504988229,135.38377546227056,12540,"Bakersfield, CA",Bakersfield,CA,0.24432419,0.31218782,0.29072604,0.35714224,CA
"Baltimore, MD",8.838112611160472,1.0292843298737209,2769977,2856239,3036.3087976833976,2854.2763447876446,120545,970.4655980695112,1000.6876191984492,12580,"Baltimore-Columbia-Towson, MD",Baltimore-Columbia-Towson,MD,0.35200542,0.46967423,0.4155007,0.52644682,MD
"Bangor, ME",14.231797728482906,3.3538303868818855,156762,154635,4740.369784555985,4518.916962548263,6105,34.69017052077017,34.219482517952656,70750,"Bangor, ME",Bangor,ME,0.26170117,0.29610863,0.31269535,0.34144187,ME
"Barnstable Town, MA",14.318310782190323,1.8663451826268287,217878,216021,492.18945405405407,399.1644420849421,13369,545.8351922880837,541.1829742941652,70900,"Barnstable Town, MA",Barnstable Town,MA,0.24421783,0.29427299,0.31125712,0.35548064,MA
"Baton Rouge, LA",4.097638772878567,0.42961226460397695,865501,900787,4430.112434749035,4307.941427413128,32433,200.90825620155286,209.09917536666993,12940,"Baton Rouge, LA",Baton Rouge,LA,0.25683343,0.32415456,0.30453247,0.35679933,LA
"Battle Creek, MI",11.704834605597965,6.520360268933147,187632,185955,1311.3389455598456,1292.431537065637,4703,145.17751588297168,143.87996165908797,12980,"Battle Creek, MI",Battle Creek,MI,0.26593491,0.33650032,0.29806584,0.35238397,MI
"Bay City, MI",9.647697296316732,7.01849568434032,177511,173152,950.533540926641,909.9490227799228,5770,195.07796102434216,190.28758278240161,13020,"Bay City, MI",Bay City,MI,0.20659722,0.24416237,0.26032704,0.29734078,MI
"Beaumont, TX",6.513459595305335,2.0625251244627227,400638,405337,2266.3438073359075,2157.631761776062,12615,185.68414087036496,187.8619916432568,13140,"Beaumont-Port Arthur, TX",Beaumont-Port Arthur,TX,0.25647792,0.30148351,0.30156973,0.33036759,TX
"Beckley, WV",4.188024866397645,1.6422287390029326,88904,85044,775.1792833976834,768.192062934363,2603,115.73147431438154,110.70668925573949,13220,"Beckley, WV",Beckley,WV,0.18212405,0.23265944,0.2378965,0.29383785,WV
"Bellingham, WA",12.291203308655147,5.510918757925843,230247,252488,2684.3789494208495,2598.5632795366796,12969,88.60550051375033,97.16446083430313,13380,"Bellingham, WA",Bellingham,WA,0.28736007,0.34359622,0.33680251,0.37612796,WA
"Bend, OR",14.973127999474064,5.188363830225927,156757,184175,1434.938323166023,1410.091203088803,12110,111.16798662144973,130.61211898674702,13460,"Bend-Redmond, OR",Bend-Redmond,OR,0.2822699,0.33889672,0.33221695,0.3842653,OR
"Billings, MT",9.43278204518728,2.04222002845996,163974,175779,5276.942522007722,5245.556185714286,10764,31.259602260398193,33.51007858398608,13740,"Billings, MT",Billings,MT,0.27161101,0.31679907,0.33685398,0.37885228,MT
"Binghamton, NY",8.0488460205524,2.285718975571122,273395,263319,1669.2477953667953,1651.9662718146717,7848,165.49672028090367,159.3973221443233,13780,"Binghamton, NY",Binghamton,NY,0.30214229,0.36203703,0.34981284,0.39644367,NY
"Birmingham, AL",9.898329425716291,6.169230542322385,1152021,1173400,6054.923454054054,5959.892784169884,42256,193.29559133343668,196.8827364003387,13820,"Birmingham-Hoover, AL",Birmingham-Hoover,AL,0.29884958,0.38673604,0.34709781,0.44548419,AL
"Bismarck, ND",4.886208936001932,2.6851444546641026,110483,127551,4612.329762934363,4553.266646718147,6597,24.26455742046926,28.01307498473317,13900,"Bismarck, ND",Bismarck,ND,0.31134871,0.37883413,0.37784684,0.42710263,ND
"Blacksburg, VA",6.541054949534113,3.701455040301476,171947,176525,1425.2716243243244,1407.226432046332,4937,122.1885803764797,125.44178817285605,13980,"Blacksburg-Christiansburg-Radford, VA",Blacksburg-Christiansburg-Radford,VA,0.24917877,0.33297387,0.29663071,0.35563603,VA
"Bloomington, IL",5.6175264254995225,1.452632980493975,192963,195671,1774.8556868725868,1769.559994980695,6398,109.04575179555025,110.57607572222194,14010,"Bloomington, IL",Bloomington,IL,0.31589025,0.40556529,0.39406082,0.45647529,IL
"Bloomington, IN",9.272204829094651,6.751866342702362,245172,251733,2047.9104602316602,2014.583835907336,7976,121.6985839110431,124.95533594243474,14020,"Bloomington, IN",Bloomington,IN,0.24744318,0.3343347,0.31074828,0.39239019,IN
"Bloomsburg, PA",3.713446033364464,3.9068619306448933,148089,144750,1151.804040926641,1134.1125023166023,4371,130.57699275645496,127.63284039663213,14100,"Bloomsburg-Berwick, PA",Bloomsburg-Berwick,PA,0.26404676,0.30661353,0.30329797,0.33067557,PA
"Boise City, ID",23.393603286065275,9.189094141351568,629930,724156,13028.570476447876,12955.14931119691,35238,48.623908908217864,55.89715584166402,14260,"Boise City, ID",Boise City,ID,0.31831571,0.3940745,0.36559424,0.43833736,ID
"Boston, MA",10.514522361293425,2.1367276944286115,4592369,4872213,3749.0872656370657,3521.3595389961392,228573,1304.1465800760525,1383.6170223586312,71650,"Boston-Cambridge-Nashua, MA-NH",Boston-Cambridge-Nashua,MA-NH,0.38872615,0.50142014,0.44353771,0.55328661,MA
"Boulder, CO",7.715501186065205,2.3118430388937474,395142,441996,1167.7273644787645,1150.4243247104248,29310,343.47500440714504,384.20258552100375,14500,"Boulder, CO",Boulder,CO,0.43129793,0.57092148,0.48474351,0.61478943,CO
"Bowling Green, KY",-1.721182417978993,3.998045713814802,156847,172368,1461.4520965250965,1439.978301158301,5678,108.92316910180811,119.70180374339618,14540,"Bowling Green, KY",Bowling Green,KY,0.23447031,0.28097332,0.28206563,0.32558066,KY
"Bremerton, WA",15.638400573453495,5.647342241320387,271486,288641,574.2508162162162,493.4719737451737,10847,550.1548506181101,584.9187296481657,14740,"Bremerton-Silverdale, WA",Bremerton-Silverdale,WA,0.28252414,0.34823465,0.31175879,0.34425002,WA
"Brownsville, TX",12.824376360287962,5.135580108305398,410201,425767,1241.0831876447876,992.7732362934363,11140,413.18700485067865,428.8663155239965,15180,"Brownsville-Harlingen, TX",Brownsville-Harlingen,TX,0.25531706,0.26489711,0.30608734,0.31644228,TX
"Brunswick, GA",7.950557036323275,1.2130949117860177,135770,139952,1907.1790258687258,1778.7220965250965,5303,76.33008004186807,78.68120617234676,15260,"Brunswick, GA",Brunswick,GA,0.24964367,0.32147658,0.29583165,0.37680805,GA
"Buffalo, NY",11.577468345588532,5.0748834788507535,1117380,1112978,1541.1120007722009,1522.9819756756756,45349,733.6790703017158,730.7886880973913,15380,"Buffalo-Cheektowaga-Niagara Falls, NY",Buffalo-Cheektowaga-Niagara Falls,NY,0.3167901,0.38766649,0.37684783,0.43951178,NY
"Burlington, NC",9.892122016065487,6.296751968503937,199001,213938,860.7195888030888,841.5433308880309,7112,236.47148363710042,254.2210153032095,15500,"Burlington, NC",Burlington,NC,0.19653264,0.2714473,0.24157783,0.32238665,NC
"Burlington, VT",6.8084622792169345,3.747947901537122,216015,223947,1352.9890355212356,1335.4994432432431,11040,161.74847626698394,167.687827301633,72400,"Burlington-South Burlington, VT",Burlington-South Burlington,VT,0.3598876,0.44955829,0.39019921,0.46076444,VT
"Canton, OH",10.419726891899243,6.419749429849244,372957,367517,1318.7162907335908,1307.2977857142857,10753,285.28848138163295,281.12722595884674,15940,"Canton-Massillon, OH",Canton-Massillon,OH,0.24656302,0.28945863,0.30344361,0.33738163,OH
"Cape Girardeau, MO",4.983576636632695,6.941197149234081,138784,138189,2448.0041285714287,2408.449701158301,5317,57.62379008091981,57.376743194404455,16020,"Cape Girardeau, MO-IL",Cape Girardeau,MO-IL,0.23614335,0.28795466,0.29438105,0.34754267,MO
"Carbondale, IL",3.1594634873323395,2.855665511362764,73179,70586,834.4669876447877,810.6023281853281,2223,90.27731287649235,87.07845702592395,16060,"Carbondale-Marion, IL",Carbondale-Marion,IL,0.2718322,0.28920606,0.33472568,0.34047267,IL
"Carson City, NV",10.302383631628388,5.690334014873524,61818,61773,134.78498764478763,133.7298640926641,3719,462.26024694951514,461.92374769181146,16180,"Carson City, NV",Carson City,NV,0.32205141,0.42105901,0.37266412,0.46918952,NV
"Casper, WY",2.6812130177514795,5.328587037940584,76361,81238,6232.025371042471,6199.776769498069,4903,12.316733785591145,13.103375011771107,16220,"Casper, WY",Casper,WY,0.2088577,0.29577693,0.27477163,0.35980937,WY
"Cedar Rapids, IA",5.366746800152435,2.5482835017577967,279353,291239,2738.8703277992277,2723.727970656371,10913,102.56273864701724,106.92661056376217,16300,"Cedar Rapids, IA",Cedar Rapids,IA,0.34184426,0.4455798,0.38302651,0.47254372,IA
"Chambersburg, PA",10.076291701436702,2.0548171113823015,172509,177891,933.2700413127413,931.8427108108108,5337,185.12673651747218,190.90238935840821,16540,"Chambersburg-Waynesboro, PA",Chambersburg-Waynesboro,PA,0.21368144,0.26543382,0.26416573,0.30643332,PA
"Champaign, IL",5.5281336080259145,1.5219088348097614,235376,242758,2175.375814285714,2172.3448362934364,7290,108.35112182355465,111.74929318045373,16580,"Champaign-Urbana, IL",Champaign-Urbana,IL,0.31590319,0.38879833,0.38203219,0.43962622,IL
"Charleston, SC",8.10273899751936,2.6643959090126734,677976,788015,3217.342466795367,2934.4360714285713,35181,231.04132565748517,268.54052390937613,16700,"Charleston-North Charleston, SC",Charleston-North Charleston,SC,0.28707051,0.36801305,0.33705798,0.40912122,SC
"Charleston, WV",3.2426241162763145,-1.329006335960439,330330,316544,3075.197446332046,3052.8887413127413,8747,108.20243644318272,103.68671341225694,16620,"Charleston, WV",Charleston,WV,0.29985622,0.37337601,0.36730754,0.4355419,WV
"Charlotte, NC",11.297151803549257,5.668462008863933,1891743,2172467,3781.6736463320462,3713.8822401544403,96335,509.3707548253691,584.9585042065466,16740,"Charlotte-Concord-Gastonia, NC-SC",Charlotte-Concord-Gastonia,NC-SC,0.32954726,0.4663735,0.37868536,0.5115307,NC
"Charlottesville, VA",4.740852991295607,3.2385114849802132,241467,257717,2521.063824710425,2500.4962814671812,10638,96.56763010993873,103.06634003422033,16820,"Charlottesville, VA",Charlottesville,VA,0.31150833,0.4031747,0.37483799,0.47524747,VA
"Chattanooga, TN",12.647127934548097,4.241173439833264,617809,647757,2816.9416864864866,2759.211157915058,20403,223.90783620447334,234.76166299989325,16860,"Chattanooga, TN-GA",Chattanooga,TN-GA,0.27364412,0.35716042,0.31837744,0.39439443,TN
"Cheyenne, WY",1.7524876823495315,7.908814589665654,91757,98336,2704.7441884169884,2703.091316988417,5704,33.945209110518995,36.379089149514435,16940,"Cheyenne, WY",Cheyenne,WY,0.29543009,0.36313167,0.3659654,0.43445104,WY
"Chicago, IL",7.4811518404673425,0.9718134198054378,9658114,9701082,8746.601874131275,8595.591525868726,452192,1123.6124903019852,1128.6113318442674,16980,"Chicago-Naperville-Elgin, IL-IN-WI",Chicago-Naperville-Elgin,IL-IN-WI,0.33973619,0.44786832,0.39180052,0.49589816,IL
"Chico, CA",6.789085492133852,5.632068700967654,251601,259686,1785.1164702702702,1743.8706235521236,8918,144.27733147285267,148.91356990178582,17020,"Chico, CA",Chico,CA,0.27392867,0.30926758,0.31886956,0.34933722,CA
"Cincinnati, OH",12.1787603701069,4.1996066993097445,2346068,2407841,6631.198608108108,6541.125718532819,84301,358.66425764497086,368.10804494674676,17140,"Cincinnati, OH-KY-IN",Cincinnati,OH-KY-IN,0.31457672,0.41423383,0.36198092,0.45618263,OH
"Clarksville, TN",11.754250972657223,4.208193603945438,308656,333592,2434.9617934362936,2374.3385965250964,8377,129.9966232498287,140.4989164090666,17300,"Clarksville, TN-KY",Clarksville,TN-KY,0.25851533,0.30154297,0.29801679,0.34227738,TN
"Cleveland, OH",11.152676774491761,4.636692840876567,1967540,1944436,1784.5769525096525,1748.249783011583,82617,1125.4341451200764,1112.2186422643,17460,"Cleveland-Elyria, OH",Cleveland-Elyria,OH,0.31750074,0.4021273,0.3654854,0.44317737,OH
"Cleveland, TN",10.887149238842868,5.5544424933118055,81237,86273,600.0551374517374,592.6168162162162,1859,137.08183395585704,145.57973658399072,17420,"Cleveland, TN",Cleveland,TN,0.24982542,0.30903992,0.31311727,0.36334869,TN
"Coeur d'Alene, ID",17.589060533464213,10.826111619704466,146635,166535,1807.6504243243244,1681.2990926640925,9270,87.21529717098127,99.05138278289198,17660,"Coeur d'Alene, ID",Coeur d'Alene,ID,0.25866383,0.30182275,0.29955557,0.34314916,ID
"College Station, TX",6.818274646129549,-2.3898501005055452,238762,269258,2521.4346841698843,2483.046252123552,8477,96.15688785329948,108.43857611179213,17780,"College Station-Bryan, TX",College Station-Bryan,TX,0.35233587,0.42978448,0.42090797,0.45651954,TX
"Colorado Springs, CO",13.696744133984412,6.378935686763197,657015,736812,3733.320384169884,3722.01632972973,33704,176.52125670488618,197.96044260061126,17820,"Colorado Springs, CO",Colorado Springs,CO,0.36108276,0.4663882,0.40308225,0.50151491,CO
"Columbia, MO",7.72877028637938,3.86907353727871,178570,193110,1482.2252181467181,1466.1362795366795,8486,121.79631763592313,131.71354034089217,17860,"Columbia, MO",Columbia,MO,0.27529389,0.35276058,0.33865142,0.40644845,MO
"Columbia, SC",8.130253460151641,3.9560439560439558,821713,875238,4630.5428918918915,4483.216555212355,30693,183.28648413038306,195.22545681680614,17900,"Columbia, SC",Columbia,SC,0.3102341,0.39495081,0.36856678,0.44911692,SC
"Columbus, GA",7.985075190525465,4.102572336940813,288095,299739,1844.509145173745,1806.9060324324325,8906,159.44105273264842,165.88521739367675,17980,"Columbus, GA-AL",Columbus,GA-AL,0.3130503,0.4157635,0.3517563,0.45372504,GA
"Columbus, IN",6.177761581263292,5.725832058424501,116889,125226,729.4428965250966,724.3249976833977,4648,161.37645445600396,172.88648106928412,18020,"Columbus, IN",Columbus,IN,0.23739773,0.30602479,0.26334548,0.3350988,IN
"Columbus, OH",10.698551488016856,5.769041386402102,1927792,2104675,4782.868472200772,4730.512099227799,75737,407.5228980631272,444.91483286631137,18140,"Columbus, OH",Columbus,OH,0.34627905,0.44996524,0.3954353,0.49789947,OH
"Corpus Christi, TX",7.058205199249334,4.7909093389685085,396807,420827,1432.2285833976835,1254.2614555984555,14972,316.367052681746,335.5177647544048,18580,"Corpus Christi, TX",Corpus Christi,TX,0.25577381,0.30370814,0.31022996,0.34816521,TX
"Corvallis, OR",4.043468157250981,4.760655206942154,80725,85246,921.0350787644787,918.576435907336,3315,87.88054738227943,92.80229349210025,18700,"Corvallis, OR",Corvallis,OR,0.33020416,0.42014483,0.39926612,0.48938054,OR
"Crestview, FL",10.916680435860197,6.993038948378547,184145,206630,783.3705868725868,746.4916038610039,9598,246.68060437326452,276.8015057788571,18880,"Crestview-Fort Walton Beach-Destin, FL",Crestview-Fort Walton Beach-Destin,FL,0.29257396,0.41137466,0.32572564,0.43272468,FL
"Cumberland, MD",4.713906477465633,2.51154432813055,107712,102904,960.4330027027028,952.3753227799227,3062,113.09826853303544,108.04983869135731,19060,"Cumberland, MD-WV",Cumberland,MD-WV,0.2159169,0.2495884,0.27051818,0.30537957,MD
"Dallas, TX",8.7128471343112,2.291302665368965,6401545,7359183,9684.832208494208,9338.944444787645,292811,685.4677247355188,788.0101486316678,19100,"Dallas-Fort Worth-Arlington, TX",Dallas-Fort Worth-Arlington,TX,0.34575835,0.46431294,0.39693448,0.51277018,TX
"Dalton, GA",7.5482303816272855,4.413107832928793,118089,119167,498.2474243243243,495.70149343629345,4072,238.22603232720854,240.40072821631534,19140,"Dalton, GA",Dalton,GA,0.18415296,0.26577631,0.21352957,0.29899439,GA
"Danville, IL",2.9110999351307223,1.5909345062809856,80497,76397,854.838054054054,851.9422455598456,1854,94.48645189217278,89.67391909271555,19180,"Danville, IL",Danville,IL,0.2729114,0.29558307,0.3065508,0.31886387,IL
"Daphne, AL",9.161761546723952,4.81398823247321,202214,232271,1989.9685683397684,1909.348696138996,9550,105.90731824360243,121.6493354355276,19300,"Daphne-Fairhope-Foley, AL",Daphne-Fairhope-Foley,AL,0.1764939,0.2290218,0.23174872,0.28769019,AL
"Decatur, AL",11.449363333641978,4.615504851080933,154466,151597,1359.9280494208494,1314.0608405405405,4914,117.54859077640593,115.36528243063722,19460,"Decatur, AL",Decatur,AL,0.20046784,0.26173639,0.24281776,0.30145735,AL
"Decatur, IL",4.718803916552824,1.9372231633807413,120272,114964,970.441954054054,963.5138038610039,3672,124.82644204789243,119.31743950041493,19500,"Decatur, IL",Decatur,IL,0.25987801,0.32514477,0.2963607,0.3421002,IL
"Denver, CO",9.785258024438418,2.53637945319863,2506951,2850907,8638.507733204633,8579.675965637065,154086,292.1964663981167,332.2860923207736,19740,"Denver-Aurora-Lakewood, CO",Denver-Aurora-Lakewood,CO,0.3743498,0.50087583,0.42583242,0.54984295,CO
"Des Moines, IA",6.365064030657797,2.3865069281439846,562915,633852,3269.3527405405403,3248.4280444015444,27526,173.28843129837756,195.1257627800631,19780,"Des Moines-West Des Moines, IA",Des Moines-West Des Moines,IA,0.3752175,0.48650342,0.42664063,0.53014994,IA
"Detroit, MI",10.748250078929333,3.6751381215469614,4275414,4285707,4391.751215057915,4235.696669498069,171032,1009.376811797677,1011.8068724944501,19820,"Detroit-Warren-Dearborn, MI",Detroit-Warren-Dearborn,MI,0.32424751,0.43224531,0.35065165,0.44599846,MI
"Dothan, AL",6.283307029063207,3.635596082404593,170824,173350,2225.9335173745176,2210.2849783783786,5625,77.28596161628379,78.42880067310679,20020,"Dothan, AL",Dothan,AL,0.19694568,0.24327964,0.24625178,0.29699299,AL
"Dover, DE",8.788363850187022,4.331320254136703,184240,199699,746.1268664092664,721.5852895752896,6902,255.3267128109553,276.7503757144755,20100,"Dover, DE",Dover,DE,0.25415933,0.31815681,0.30486917,0.37138954,DE
"Dubuque, IA",6.284309150679761,3.4660689799492257,102613,105683,1021.4169853281853,998.6236073359073,4507,102.75443044426652,105.82866179374365,20220,"Dubuque, IA",Dubuque,IA,0.31297672,0.37436256,0.34789139,0.39925113,IA
"Duluth, MN",7.369687473769621,6.659522673174305,306593,304412,11407.157913127414,10620.65506023166,11201,28.86761675821835,28.662262193209774,20260,"Duluth, MN-WI",Duluth,MN-WI,0.26770693,0.31199023,0.30951229,0.347123,MN
"Durham, NC",8.38222591562603,4.077105849776534,663067,766642,2161.0009525096525,2109.345145945946,31780,314.34732304212093,363.450240219552,20500,"Durham-Chapel Hill, NC",Durham-Chapel Hill,NC,0.41275987,0.52036542,0.45957696,0.57052588,NC
"East Stroudsburg, PA",17.300118869192207,6.677287808585586,170134,166902,654.1198046332046,643.0470223938224,4703,264.57474193202086,259.5486709178538,20700,"East Stroudsburg, PA",East Stroudsburg,PA,0.22187363,0.23879801,0.28013471,0.30281478,PA
"Eau Claire, WI",10.31099917280887,7.463379855679904,189903,196700,2816.9935876447876,2761.5670536679536,7509,68.76639107776437,71.22767478658184,20740,"Eau Claire, WI",Eau Claire,WI,0.27712199,0.32579857,0.30554214,0.35095063,WI
"El Centro, CA",12.863557915220733,4.072330183113536,218544,216157,5498.720941312741,5189.112442857143,4727,42.115872879345225,41.65587128441241,20940,"El Centro, CA",El Centro,CA,0.22491296,0.25206363,0.28689581,0.32677534,CA
"El Paso, TX",10.095736630542692,4.065037617823799,813672,850497,882.5824274131274,880.4384185328186,26135,924.166850142592,965.9926033410565,21340,"El Paso, TX",El Paso,TX,0.29758063,0.34773588,0.34833768,0.38792619,TX
"Elizabethtown, KY",9.77296499107857,4.67979887920505,140530,143428,1101.0797328185329,1089.9071332046333,3856,128.93759084482943,131.59653298009104,21060,"Elizabethtown-Fort Knox, KY",Elizabethtown-Fort Knox,KY,0.30357519,0.37789562,0.34226704,0.40032881,KY
"Elkhart, IN",11.069994044141101,3.81672183363429,264215,270939,733.0599420849421,719.2025953667954,10185,367.3721447921772,376.7213880281123,21140,"Elkhart-Goshen, IN",Elkhart-Goshen,IN,0.18283184,0.23726732,0.21630467,0.26277831,IN
"Elmira, NY",5.573860776922127,0.7844829276902862,78938,74990,294.25028996138997,291.65381428571425,2460,270.6564979900094,257.11990149574103,21300,"Elmira, NY",Elmira,NY,0.20536025,0.26295757,0.24755412,0.30761611,NY
"Enid, OK",2.80653324131585,1.9475420135071462,63538,64737,1525.0098054054054,1522.247598069498,2601,41.73959616068922,42.52724726391353,21420,"Enid, OK",Enid,OK,0.22670059,0.2833626,0.28672192,0.32929733,OK
"Erie, PA",9.870962409851558,3.180308353973466,293277,285911,1041.8020131274131,1020.0540953667954,9350,287.5112225244703,280.2900368702416,21500,"Erie, PA",Erie,PA,0.24543543,0.29389223,0.29481268,0.33592576,PA
"Eugene, OR",11.69927278504293,7.557385583794785,341093,361724,2497.262100772201,2440.4819362934363,16993,139.76460752585876,148.21826567148472,21660,"Eugene, OR",Eugene,OR,0.28670657,0.34700429,0.34138468,0.39282721,OR
"Evansville, IN",10.07526739733263,4.754786817567087,418117,422318,2903.3899054054054,2842.1136683397685,15785,147.1148056665322,148.59293092478552,21780,"Evansville, IN-KY",Evansville,IN-KY,0.24462347,0.30506468,0.28743854,0.33877203,IN
"Fairbanks, AK",10.180554342990892,5.03625067640237,98392,99742,11514.688852895753,11428.415592277992,4102,8.609417395223359,8.72754400595951,21820,"Fairbanks, AK",Fairbanks,AK,0.30431253,0.33576667,0.37199977,0.39965317,AK
"Fargo, ND",4.252334692889258,0.9527095221666748,214912,246561,3868.4236884169886,3841.211174903475,11787,55.94901977900251,64.1883480947115,22020,"Fargo, ND-MN",Fargo,ND-MN,0.31624398,0.4031021,0.37319818,0.4489179,ND
"Farmington, NM",8.703879565612,13.546764306642725,137444,134299,4865.697571428572,4852.1095880308885,4274,28.326647926305046,27.6784762510902,22140,"Farmington, NM",Farmington,NM,0.21131162,0.22925924,0.26555133,0.27353746,NM
"Fayetteville, AR",11.61751226103966,5.326487469133101,504965,578370,3930.3961590733593,3875.9696764478763,22022,130.28094700234448,149.21943365925554,22220,"Fayetteville-Springdale-Rogers, AR-MO",Fayetteville-Springdale-Rogers,AR-MO,0.30760106,0.43046272,0.36532432,0.48063016,AR
"Fayetteville, NC",10.01565598580524,3.393163762053926,421684,442547,1395.8708961389962,1387.9954752895753,11115,303.8079068031722,318.8389356295791,22180,"Fayetteville, NC",Fayetteville,NC,0.26853907,0.34321123,0.32274923,0.3869625,NC
"Flagstaff, AZ",14.027555349087399,3.7840893563779483,163882,171345,18971.131327027026,18924.213684942086,7504,8.659910669387557,9.054273157797752,22380,"Flagstaff, AZ",Flagstaff,AZ,0.25301144,0.32890993,0.30860171,0.38721773,AZ
"Flint, MI",13.755579737502499,6.368423642895812,329449,313332,672.7664416988417,666.535022007722,9143,494.2711022260181,470.0908274199731,22420,"Flint, MI",Flint,MI,0.2535544,0.295344,0.30078515,0.34073025,MI
"Florence, AL",7.826914424726966,2.930479934411066,174142,173333,1749.2547907335907,1645.797671814672,5700,105.81009013579987,105.3185351811085,22520,"Florence-Muscle Shoals, AL",Florence-Muscle Shoals,AL,0.21173815000000001,0.24818482,0.25456104,0.28966284,AL
"Florence, SC",5.957589232350761,2.6928823830552355,223655,222942,1884.154477992278,1871.0005467181468,6927,119.53764545515767,119.15656592995356,22500,"Florence, SC",Florence,SC,0.2301451,0.28915721,0.27805755,0.33905542,SC
"Fond du Lac, WI",8.610105830183825,4.457264026673616,103089,103450,755.2512293436293,742.4385455598456,3461,138.85189638458814,139.338131915002,22540,"Fond du Lac, WI",Fond du Lac,WI,0.23395444,0.32058883,0.277311,0.35256261,WI
"Fort Collins, CO",7.369527253962437,2.0348242989612175,328439,385875,2969.0152227799226,2927.564047104247,21866,112.1884934762982,131.80753479387823,22660,"Fort Collins, CO",Fort Collins,CO,0.31340542,0.40065864,0.36465126,0.43932381,CO
"Fort Smith, AR",5.138501058648699,4.163930059202579,325339,326398,5254.408638223938,5124.573796911197,9272,63.4860600887621,63.692711420554474,22900,"Fort Smith, AR-OK",Fort Smith,AR-OK,0.23027444,0.29224509,0.28420717,0.34204745,AR
"Fort Wayne, IN",10.93908065829406,6.928259900889831,458675,472983,1737.200613899614,1724.1105756756756,18888,266.03572095150923,274.3344926207177,23060,"Fort Wayne, IN",Fort Wayne,IN,0.26707259,0.35065696,0.31005374,0.38711464,IN
"Fresno, CA",11.825276447909165,3.377127189005929,972978,1029512,5513.636759459459,5461.08082007722,30022,178.16583054821774,188.51799376692665,23420,"Fresno, CA",Fresno,CA,0.27334729,0.32261312,0.31901005,0.36268142,CA
"Gadsden, AL",2.606077473875971,5.051646647567482,79449,78623,316.96577065637064,304.45214864864863,2569,260.95726488594335,258.2441948561659,23460,"Gadsden, AL",Gadsden,AL,0.15603113,0.20541665,0.20780501,0.25658065,AL
"Gainesville, FL",8.064174697788424,5.200528867342442,288931,308124,1759.8172806949806,1646.787650965251,11180,175.4512792409182,187.10609095191822,23540,"Gainesville, FL",Gainesville,FL,0.2845985,0.3522273,0.33674473,0.40272713,FL
"Gainesville, GA",9.728544933400777,3.301499336225773,144646,160204,389.0756814671815,370.7327725868726,6073,390.1624315290485,432.1279688389564,23580,"Gainesville, GA",Gainesville,GA,0.24043915,0.31962284,0.2779603,0.35922897,GA
"Gettysburg, PA",6.397880990189038,3.1466992383300876,164216,167950,676.0050324324324,671.1864409266409,5454,244.66525243460396,250.2285352608256,23900,"Gettysburg, PA",Gettysburg,PA,0.18949597,0.22260477,0.24415767,0.28459516,PA
"Glens Falls, NY",5.918645526938804,2.175264968625473,122495,119499,1779.5490741312742,1742.9714764478765,4647,70.27940597722295,68.56050234599098,24020,"Glens Falls, NY",Glens Falls,NY,0.25983703,0.28079259,0.31260541,0.3201665,NY
"Goldsboro, NC",9.651887952891729,3.146827720559249,171053,171968,1130.7139961389962,1121.5744988416989,4142,152.51149181499244,153.3273092225253,24140,"Goldsboro, NC",Goldsboro,NC,0.17673251,0.24385422,0.24402,0.3230302,NC
"Grand Forks, ND",1.07754723542367,1.5881742104941663,116677,119992,5499.391243629344,5443.5177969111965,4254,21.434117486711585,22.043098686677723,24220,"Grand Forks, ND-MN",Grand Forks,ND-MN,0.25476736,0.30653515,0.31076932,0.35273299,ND
"Grand Island, NE",4.487640275888291,3.9127727400871772,76665,79392,2115.9066598455597,2089.528328185328,3526,36.69009841401887,37.9951776336762,24260,"Grand Island, NE",Grand Island,NE,0.2546168,0.28672221,0.31317815,0.3432382,NE
"Grand Junction, CO",8.798462163856717,7.246317283097777,146821,151297,4325.9761277992275,4313.779901158301,7589,34.03534796955608,35.07295306359394,24300,"Grand Junction, CO",Grand Junction,CO,0.25019151,0.28229931,0.30533361,0.34326184,CO
"Grand Rapids, MI",10.391946919462933,6.107081519260743,799143,843684,3355.3126586872586,3237.4029042471043,32208,246.84693985775306,260.60519031881466,24340,"Grand Rapids-Wyoming, MI",Grand Rapids-Wyoming,MI,0.26677683,0.3491981,0.29494813,0.37401992,MI
"Grants Pass, OR",13.960086104010788,2.729958683626167,84366,87835,1210.0370525096525,1207.6320745173746,3476,69.86068172602698,72.73324537616551,24420,"Grants Pass, OR",Grants Pass,OR,0.23359375,0.26199165,0.27741706,0.3132793,OR
"Great Falls, MT",8.987695190803024,3.2934768302436948,82176,82469,3154.4965177606177,3140.4205733590734,4014,26.167195788079578,26.260495393389004,24500,"Great Falls, MT",Great Falls,MT,0.27092353,0.29660368,0.35510203,0.37385404,MT
"Greeley, CO",6.746648763455486,2.069985986100926,178559,204482,3200.3543567567567,3188.1280687258686,6676,56.007474025772396,64.13857774594386,24540,"Greeley, CO",Greeley,CO,0.25570545,0.30535832,0.31712717,0.35681316,CO
"Green Bay, WI",10.781933466954078,5.159297478302467,248368,251664,2583.868746332046,2523.537772200772,9665,98.4205597142296,99.72666261322665,24580,"Green Bay, WI",Green Bay,WI,0.30152082,0.36587563,0.34536955,0.40876964,WI
"Greensboro, NC",11.96530686736308,6.400366316673132,874876,918756,2653.624923938224,2614.839396138996,35624,334.5811606218796,351.36230598200837,24660,"Greensboro-High Point, NC",Greensboro-High Point,NC,0.2749936,0.37066185,0.31997371,0.40691423,NC
"Greenville, NC",9.228160603538045,4.5329398901345,253411,260689,1595.0684536679537,1577.4902837837838,8477,160.64187691360348,165.25553449033538,24780,"Greenville, NC",Greenville,NC,0.23758149,0.31928006,0.28743246,0.36353299,NC
"Greenville, SC",8.57374873188114,4.2618371409705365,606516,665430,2280.4360544401543,2239.4767115830114,28803,270.82934011458156,297.13637858266884,24860,"Greenville-Anderson-Mauldin, SC",Greenville-Anderson-Mauldin,SC,0.27526933,0.36425245,0.31149352,0.38449478,SC
"Gulfport, MS",7.728650292349921,4.6411271929507,341875,363532,2917.280984169884,2875.725288030888,9957,118.88305236349403,126.4140220601264,25060,"Gulfport-Biloxi-Pascagoula, MS",Gulfport-Biloxi-Pascagoula,MS,0.24150307,0.29286602,0.29836509,0.33133119,MS
"Hagerstown, MD",10.464375346492973,3.4394806952047268,301559,317007,1244.3227146718148,1232.0228621621623,9223,244.7673734485521,257.3061018069603,25180,"Hagerstown-Martinsburg, MD-WV",Hagerstown-Martinsburg,MD-WV,0.25126317,0.3052913,0.30157906,0.35840461,MD
"Hammond, LA",0.2852706460116275,4.1024442448919345,114602,128331,597.7801571428571,591.2874444015443,5524,193.81774648705982,217.03657200075804,25220,"Hammond, LA",Hammond,LA,0.21578415,0.25823435,0.27938116,0.31624508,LA
"Hanford, CA",11.795471532898539,4.2558838386000355,153050,150839,744.4733482625483,743.2058725868726,2630,205.93217255843217,202.95722297642175,25260,"Hanford-Corcoran, CA",Hanford-Corcoran,CA,0.23970826,0.24923512,0.29033211,0.29712373,CA
"Harrisburg, PA",8.694063836772173,3.147476357231227,588886,612117,1709.8591254826256,1664.0935992277991,23692,353.8779310690606,367.83808331697503,25420,"Harrisburg-Carlisle, PA",Harrisburg-Carlisle,PA,0.32349467,0.42247415,0.38510406,0.48745069,PA
"Harrisonburg, VA",5.548016040983929,3.7973149420661363,141480,150126,1027.7707305019305,1021.9519196911197,5164,138.4409552679951,146.9012358677059,25500,"Harrisonburg, VA",Harrisonburg,VA,0.24718574,0.27414089,0.29589379,0.3294217,VA
"Hartford, CT",10.471677241958844,0.7423583365659724,1278432,1272609,1682.2326810810812,1637.4277305019305,49641,780.7562899940107,777.2001025107224,73450,"Hartford-West Hartford-East Hartford, CT",Hartford-West Hartford-East Hartford,CT,0.37761199,0.48062438,0.43547434,0.53337711,CT
"Hattiesburg, MS",2.6662491789218605,3.5892736127643583,160553,165130,2041.8908567567566,2027.3372718146718,6372,79.1940256967154,81.45166682216224,25620,"Hattiesburg, MS",Hattiesburg,MS,0.25052422,0.28351903,0.29468331,0.33258033,MS
"Hickory, NC",7.610100107473645,5.837133887159081,413056,419868,2127.6532177606177,2085.2252424710423,14220,198.08699395491618,201.3537873263256,25860,"Hickory-Lenoir-Morganton, NC",Hickory-Lenoir-Morganton,NC,0.20109774,0.25540525,0.23653851,0.28725985,NC
"Hilton Head Island, SC",6.329743461838884,2.592484388694556,197061,223555,1811.2546193050193,1613.301303088803,10530,122.14767298750078,138.56989985192777,25940,"Hilton Head Island-Bluffton-Beaufort, SC",Hilton Head Island-Bluffton-Beaufort,SC,0.20242214,0.27150485,0.25485301,0.31991374,SC
"Hinesville, GA",3.2574725538905365,0.6148817731474389,86929,88937,790.7806942084942,762.4448216216216,1562,114.01349649816396,116.64712970420928,25980,"Hinesville, GA",Hinesville,GA,0.26628107,0.28784162,0.30540857,0.33450833,GA
"Homosassa Springs, FL",14.143319638136084,3.9974178775440605,143748,147988,740.1842362934364,627.2938752895753,4290,229.15575245118112,235.91494486007034,26140,"Homosassa Springs, FL",Homosassa Springs,FL,0.18439174,0.24195179,0.2568717,0.30597329,FL
"Hot Springs, AR",11.262417680544704,4.5388564823526245,104616,108007,905.6189451737451,846.6664915057916,4831,123.56223028732487,127.5673492261518,26300,"Hot Springs, AR",Hot Springs,AR,0.200555,0.22875041,0.24058945,0.27375662,AR
"Houma, LA",-7.92757403713365,9.394006823913365,213127,214029,2400.18112972973,1693.0811011583012,7001,125.88115232884692,126.41390885148657,26380,"Houma-Thibodaux, LA",Houma-Thibodaux,LA,0.2191426,0.26602289,0.26925623,0.30297536,LA
"Houston, TX",7.7384248044847395,2.0795446279188186,5971020,6939730,9343.713745173745,8964.50764092664,256058,666.073390661173,774.1339823636602,26420,"Houston-The Woodlands-Sugar Land, TX",Houston-The Woodlands-Sugar Land,TX,0.31743258,0.42440853,0.37326643,0.48016521,TX
"Huntington, WV",3.502116274790142,3.133566822434465,317931,305066,2283.0938212355213,2249.4186965250965,8239,141.3391826480059,135.61992725999218,26580,"Huntington-Ashland, WV-KY-OH",Huntington-Ashland,WV-KY-OH,0.23073733,0.26508439,0.28295794,0.3069582,WV
"Huntsville, AL",13.126725860207372,8.045683293786341,404830,444494,1296.3304687258687,1240.995449034749,16164,326.21392795185375,358.1753666749778,26620,"Huntsville, AL",Huntsville,AL,0.40514109,0.5850355,0.41486892,0.56752485,AL
"Idaho Falls, ID",14.505842651922087,10.550489987217725,104866,118535,2189.297607722008,2143.3976857142857,5393,48.925125140766156,55.30238312284932,26820,"Idaho Falls, ID",Idaho Falls,ID,0.32024261,0.3837491,0.34894282,0.40118551,ID
"Indianapolis, IN",11.511971551948232,4.708429838146011,1665959,1798936,3390.065162934363,3361.9594335907336,74276,495.5321540631072,535.08557599657,26900,"Indianapolis-Carmel-Anderson, IN",Indianapolis-Carmel-Anderson,IN,0.31272539,0.4090918,0.35959107,0.45413646,IN
"Iowa City, IA",1.071578681052318,2.032794086869311,172151,190353,1717.952828957529,1704.6243606177607,7127,100.99057832167317,111.66859068646393,26980,"Iowa City, IA",Iowa City,IA,0.29008862,0.35104591,0.36121973,0.42972472,IA
"Ithaca, NY",6.05876727236751,-0.053492420396025246,88644,88822,358.400294980695,356.72360154440156,3742,248.49491207260766,248.99389783982176,27060,"Ithaca, NY",Ithaca,NY,0.3544502,0.45513558,0.41638419,0.49601236,NY
"Jackson, MI",11.194822969917343,4.222339717896676,168990,167233,758.4103455598456,742.336098069498,4601,227.64621098107915,225.279358547836,27100,"Jackson, MI",Jackson,MI,0.29569119,0.40103766,0.32452288,0.42001873,MI
"Jackson, MS",7.030841960064818,3.0694646053243515,577976,588211,5051.706322393822,5014.297587644788,21740,115.26559600773015,117.30675926561476,27140,"Jackson, MS",Jackson,MS,0.29780158,0.36943841,0.35386786,0.42772666,MS
"Jackson, TN",10.576614107444609,6.7452261887078935,138517,138824,1321.695922007722,1314.7548652509652,5448,105.35576148908898,105.58926509353573,27180,"Jackson, TN",Jackson,TN,0.23080856,0.26938289,0.30233216,0.32931677,TN
"Jacksonville, FL",9.674430836725302,4.051187737499439,1365245,1521415,3268.7173586872586,3058.3247305019304,70362,446.4028905707265,497.4667944271262,27260,"Jacksonville, FL",Jacksonville,FL,0.31392929,0.40762556,0.36613652,0.46043634,FL
"Jacksonville, NC",5.685050905394893,6.732192372517866,205229,225922,1043.482050965251,998.7653899613899,5571,205.48269099306066,226.20127035913174,27340,"Jacksonville, NC",Jacksonville,NC,0.22761485,0.27445671,0.25546068,0.3171832,NC
"Janesville, WI",11.518793976962412,6.254739783849721,231978,234950,1234.9064231660232,1200.238267953668,7832,193.27662364532682,195.75279865103388,27500,"Janesville-Beloit, WI",Janesville-Beloit,WI,0.27125108,0.31709501,0.30562428,0.35030547,WI
"Jefferson City, MO",8.063065351410632,2.204347620771616,173722,174557,3237.72916988417,3197.064833976834,5640,54.33796592229471,54.59914298418161,27620,"Jefferson City, MO",Jefferson City,MO,0.34570253,0.42167452,0.40289593,0.46687266,MO
"Johnson City, TN",7.55694659667906,3.9485513431760424,213460,216633,919.8857467181467,901.5819023166023,6944,236.76162914485914,240.28099881260314,27740,"Johnson City, TN",Johnson City,TN,0.25007829,0.307318,0.30309084,0.36187345,TN
"Johnstown, PA",11.246616662434269,4.442416964639112,133572,123635,601.7011803088803,596.4048528957529,4065,223.96196032185435,207.3004594105985,27780,"Johnstown, PA",Johnstown,PA,0.2651937,0.31610015,0.32499018,0.36932415,PA
"Jonesboro, AR",5.391578846203606,5.5542758084856345,156370,169757,1828.1869833976834,1815.6966853281854,5852,86.12121245996342,93.4941399473429,27860,"Jonesboro, AR",Jonesboro,AR,0.21591391,0.25361294,0.27824724,0.31688547,AR
"Joplin, MO",7.148646576462771,5.344550098354028,151456,153300,1288.0732806949807,1282.197047104247,5472,118.12224988511153,119.56040637140555,27900,"Joplin, MO",Joplin,MO,0.22722319,0.2663022,0.2768456,0.29780418,MO
"Kahului, HI",4.912923175477609,1.9478684763256704,154834,165971,1173.618174903475,1057.8213548262547,8105,146.37065067138033,156.8988934121683,27980,"Kahului-Wailuku-Lahaina, HI",Kahului-Wailuku-Lahaina,HI,0.19003266,0.22623667,0.2265799,0.25643194,HI
"Kalamazoo, MI",9.547620322287061,5.301246537396122,353652,362177,1223.1535258687259,1183.9034046332047,11617,298.71693806773703,305.9176944526223,28020,"Kalamazoo-Portage, MI",Kalamazoo-Portage,MI,0.27961016,0.35184675,0.32143331,0.38785452,MI
"Kankakee, IL",6.553654570380623,4.237914619907283,98027,95939,516.896733976834,512.4626853281853,3163,191.28612249538267,187.21167949732745,28100,"Kankakee, IL",Kankakee,IL,0.21985066,0.25413939,0.27724481,0.29689351,IL
"Kansas City, MO",11.06831506271267,3.696730634271471,2134909,2250731,9722.363322007723,9577.907863320463,91200,222.89930436435324,234.9919243449183,28140,"Kansas City, MO-KS",Kansas City,MO-KS,0.34792081,0.4454512,0.39479804,0.48864263,MO
"Kennewick, WA",5.9394603663483645,8.732505680508448,306508,345468,3927.7993285714283,3838.6553613899614,12633,79.84775165880343,89.99713896558494,28420,"Kennewick-Richland, WA",Kennewick-Richland,WA,0.27111742,0.33908379,0.31663498,0.35940728,WA
"Killeen, TX",10.150957711367893,5.843218928112085,433621,473774,4183.372983783784,4132.20367992278,10946,104.93698607037281,114.65407726679474,28660,"Killeen-Temple, TX",Killeen-Temple,TX,0.30000001,0.33442914,0.36031473,0.38821179,TX
"Kingsport, TN",8.29934448809766,4.423947000917058,317710,312277,2536.071245173745,2500.129338996139,8795,127.07742557333778,124.90433799932391,28700,"Kingsport-Bristol-Bristol, TN-VA",Kingsport-Bristol-Bristol,TN-VA,0.24874286,0.32238421,0.28158811,0.34237808,TN
"Kingston, NY",21.019806845422153,3.7624116190622052,212549,208534,1448.6674945945945,1434.4747555984557,8144,148.17200454066244,145.37307065609576,28740,"Kingston, NY",Kingston,NY,0.27460095,0.30111599,0.33760926,0.35644352,NY
"Knoxville, TN",12.020411395022892,6.250777976017592,689520,730450,2233.630062162162,2146.718705405405,25844,321.19718259490594,340.26349058250526,28940,"Knoxville, TN",Knoxville,TN,0.29700688,0.38854551,0.34945592,0.42547292,TN
"Kokomo, IN",7.614548430618637,6.534787828174748,102310,102569,609.5957096525096,608.5778976833977,3518,168.11323643111507,168.5388187616366,29020,"Kokomo, IN",Kokomo,IN,0.22189923,0.2752988,0.23751345,0.26009741,IN
"La Crosse, WI",7.038481792339581,4.373133144775449,173852,177641,1857.1404548262549,1825.4288575289575,6522,95.23898961219425,97.31466623162115,29100,"La Crosse-Onalaska, WI-MN",La Crosse-Onalaska,WI-MN,0.28367144,0.34944367,0.32613766,0.37473899,WI
"Lafayette, LA",4.5333728937185525,2.461768952259609,276241,286260,763.1015934362935,709.6374138996139,16551,389.27062551845296,403.38910321390506,29180,"Lafayette, LA",Lafayette,LA,0.24472776,0.31087083,0.30385208,0.36816373,LA
"Lake Charles, LA",-1.6105522509494554,1.5068532513433521,184861,193944,2360.8574416988417,1968.361418146718,7547,93.91618749266746,98.5306855803977,29340,"Lake Charles, LA",Lake Charles,LA,0.21407752,0.29567829,0.25688434,0.32198793,LA
"Lake Havasu City, AZ",14.417012479213795,7.164642112810607,199445,206989,11692.248076447877,11543.249196911196,6090,17.278064139286585,17.931606298111213,29420,"Lake Havasu City-Kingman, AZ",Lake Havasu City-Kingman,AZ,0.2123618,0.24755459,0.27205974,0.30285826,AZ
"Lakeland, FL",9.451981564157022,4.687641460872085,653078,749342,2396.184496138996,2187.624720849421,21300,298.5329219293243,342.5368130366721,29460,"Lakeland-Winter Haven, FL",Lakeland-Winter Haven,FL,0.26082939,0.3150284,0.31366169,0.36554962,FL
"Lancaster, PA",12.305464641085628,1.0751631333569789,555785,576267,1164.7329030888031,1122.840911969112,22257,494.9810735212051,513.2223041191185,29540,"Lancaster, PA",Lancaster,PA,0.24055651,0.30670777,0.29463229,0.35845444,PA
"Lansing, MI",8.977099583835535,4.663487016428193,364686,376978,800.4866733590734,786.2835891891892,12994,463.809756446859,479.44279288435536,29620,"Lansing-East Lansing, MI",Lansing-East Lansing,MI,0.36431348,0.44880426,0.40994588,0.49284297,MI
"Laredo, TX",1.0733270918294484,6.0939642332238435,252035,274675,2797.7797996138997,2785.459244015444,10242,90.48238653697659,98.61031016344573,29700,"Laredo, TX",Laredo,TX,0.26591164,0.30128995,0.33681896,0.37159777,TX
"Las Cruces, NM",11.706761037549539,-7.003024119595372,189555,195343,2606.097808880309,2602.747166795367,5682,72.82881811120734,75.05262228006423,29740,"Las Cruces, NM",Las Cruces,NM,0.30582881,0.3728475,0.34512526,0.40245411,NM
"Las Vegas, NV",8.428383054608007,0.9889082781921995,1948681,2179948,5332.802737837838,5193.078828957529,84732,375.24579621896146,419.77949339883367,29820,"Las Vegas-Henderson-Paradise, NV",Las Vegas-Henderson-Paradise,NV,0.23964137,0.32357496,0.30407009,0.37342075,NV
"Lawrence, KS",8.594846145384585,4.333905307859697,73018,81421,381.0334042471043,374.7952297297297,2772,194.82104949055605,217.24129215495583,29940,"Lawrence, KS",Lawrence,KS,0.30184817,0.36799163,0.350474,0.40940413,KS
"Lawton, OK",8.327400687508899,2.9768443726440497,136697,133956,2031.9340451737453,2013.9489297297298,3503,67.87510744790565,66.51409974828745,30020,"Lawton, OK",Lawton,OK,0.26654515,0.32688621,0.34411854,0.38242462,OK
"Lebanon, PA",9.932880594726404,3.91353605892326,119648,124676,404.33584362934363,403.4119833976834,3709,296.5900987677182,309.053784049579,30140,"Lebanon, PA",Lebanon,PA,0.20704713,0.2296679,0.25906166,0.28456482,PA
"Lewiston, ID",5.665624730702641,4.642491064596829,65003,66674,1905.4491208494208,1889.2531038610039,2707,34.40671864831426,35.291195162649494,30300,"Lewiston, ID-WA",Lewiston,ID-WA,0.22166246,0.23441455,0.27285117,0.27638942,ID
"Lewiston, ME",12.771975630983464,7.67751897165017,107702,107602,497.118577992278,467.925266023166,4216,230.1692338935763,229.95552455308717,74650,"Lewiston-Auburn, ME",Lewiston-Auburn,ME,0.28531143,0.31519419,0.34115347,0.36540416,ME
"Lexington, KY",9.621106780308216,3.863660911293185,510995,550810,1973.7834478764478,1953.598781853282,22922,261.56599028754744,281.9463265008151,30460,"Lexington-Fayette, KY",Lexington-Fayette,KY,0.26912341,0.34080881,0.30464965,0.36847436,KY
"Lima, OH",12.716781835728334,4.18644090370298,114394,110444,540.5156494208494,535.8039606177606,3573,213.49972827395356,206.12762897956648,30620,"Lima, OH",Lima,OH,0.19525893,0.22071144,0.23502064,0.25246018,OH
"Lincoln, NE",10.503453247447853,3.2565262722052886,317027,345884,1870.8804590733591,1855.8285934362934,15153,170.82773760532797,186.3771262191588,30700,"Lincoln, NE",Lincoln,NE,0.33379105,0.40259266,0.39048916,0.46179909,NE
"Little Rock, AR",7.059223340686035,1.2505128415524738,792847,824858,5606.293541698842,5451.632984169884,33070,145.43293767247727,151.3047562803974,30780,"Little Rock-North Little Rock-Conway, AR",Little Rock-North Little Rock-Conway,AR,0.30751234,0.38509184,0.36560059,0.44196075,AR
"Logan, UT",12.778123660826186,6.97538467589257,127417,139986,1560.3136818532819,1547.0275891891893,6391,82.36246133579323,90.48707403684242,30860,"Logan, UT-ID",Logan,UT-ID,0.33831605,0.37795717,0.3838523,0.41451836,UT
"Longview, TX",-7.974520419159569,-0.17758442172920524,257091,262045,2706.387118146718,2648.9091683397683,9251,97.05542306727509,98.92562687011252,30980,"Longview, TX",Longview,TX,0.25540122,0.30825719,0.31459692,0.36577541,TX
"Longview, WA",11.497814419299507,8.528766749561914,107920,113141,1231.108515057915,1189.7541366795367,3762,90.70781657560946,95.096118191077,31020,"Longview, WA",Longview,WA,0.21785598,0.24812129,0.27162057,0.28629851,WA
"Los Angeles, CA",9.64450097693387,3.556837534627107,12940245,13369661,4814.182311969112,4506.860230888031,707772,2871.232817763744,2966.5133407888366,31080,"Los Angeles-Long Beach-Anaheim, CA",Los Angeles-Long Beach-Anaheim,CA,0.33373454,0.44738179,0.39088523,0.50535589,CA
"Lubbock, TX",8.98227844871848,-4.89314367054179,277426,298326,3468.8190833976832,3459.0220965250965,11535,80.20359288213271,86.24576301484043,31180,"Lubbock, TX",Lubbock,TX,0.28120643,0.34272766,0.33995634,0.39429203,TX
"Lynchburg, VA",8.834499325691167,3.4052404267901335,271425,281583,2151.5413702702704,2117.5431235521237,10097,128.17920777202005,132.9762765481025,31340,"Lynchburg, VA",Lynchburg,VA,0.25989035,0.3367635,0.30855089,0.37984034,VA
"Macon, GA",8.289627423591527,4.421504248203764,271745,267793,1892.7195204633204,1866.2898895752896,9538,145.6070686113189,143.4894983334778,31420,"Macon, GA",Macon,GA,0.28446573000000003,0.36960289,0.33681262,0.42105669,GA
"Madera, CA",8.013781684074962,5.998654044595989,150515,154931,1688.0031231660232,1679.0699297297297,3013,89.64188884272828,92.2719162893581,31460,"Madera, CA",Madera,CA,0.19255288,0.23905964,0.23706755,0.29431245,CA
"Madison, WI",8.120743815650295,3.7876602373736175,561081,609765,2907.0058420849423,2861.361850965251,26312,196.08879590350486,213.10307180977549,31540,"Madison, WI",Madison,WI,0.38297972,0.46685943,0.42545289,0.512532,WI
"Manchester, NH",13.22223175253557,4.63961202022474,324888,336030,820.7163934362934,805.5758895752896,15033,403.29906121108627,417.13016035914325,74950,"Manchester, NH",Manchester,NH,0.3406758,0.43576771,0.39278284,0.48086736,NH
"Manhattan, KS",3.3855190659967476,2.907728224602467,140829,146377,3054.304927413127,3010.5291517374517,4817,46.77881957021544,48.62168496708367,31740,"Manhattan, KS",Manhattan,KS,0.30176511,0.37239885,0.35826859,0.41768038,KS
"Mankato, MN",7.0054053095697695,2.245792332720985,133080,137049,2010.3664532818532,1955.5846571428572,5449,68.05126002288858,70.08083209255228,31860,"Mankato-North Mankato, MN",Mankato-North Mankato,MN,0.25985584,0.32786039,0.30022326,0.35807416,MN
"Mansfield, OH",7.943047963981326,8.41119389194622,56717,56584,87.06787722007722,86.79526602316602,2436,653.4572978307596,651.9249561940105,31900,"Mansfield, OH",Mansfield,OH,0.20299301,0.23869713,0.24868755,0.28929344,OH
"McAllen, TX",9.405634235846417,5.742490000850991,774680,855176,1474.9778768339768,1462.99586988417,21612,529.51619067888,584.5375353436282,32580,"McAllen-Edinburg-Mission, TX",McAllen-Edinburg-Mission,TX,0.25452441,0.2753647,0.29697475,0.30698913,TX
"Medford, OR",11.677283299826167,0.9610053023645179,201553,214990,1914.0187613899614,1904.0359841698842,11112,105.855667474621,112.91278199961683,32780,"Medford, OR",Medford,OR,0.2583757,0.30176851,0.31357661,0.35080349,OR
"Memphis, TN",11.155999462534151,6.486662966469686,1324563,1348364,4829.027702702702,4710.061937065637,42666,281.21986880393365,286.273093223914,32820,"Memphis, TN-MS-AR",Memphis,TN-MS-AR,0.2602374,0.34014583,0.31813696,0.3973625,TN
"Merced, CA",13.15450261875893,3.0202154921584996,297805,317236,1752.548449034749,1728.0047598455599,6954,172.34038176296244,183.58514245548312,32900,"Merced, CA",Merced,CA,0.24273875,0.27116239,0.29579562,0.33159253,CA
"Miami, FL",8.108296394445848,2.306233339429908,5551913,6074919,2126.531698069498,1995.619615830116,367977,2782.0497232838516,3044.1267222526385,33100,"Miami-Fort Lauderdale-West Palm Beach, FL",Miami-Fort Lauderdale-West Palm Beach,FL,0.31448448,0.40740648,0.3670482,0.46962363,FL
"Michigan City, IN",11.015402973825935,3.703001665335301,75185,73349,625.8323467181467,619.039167953668,1921,121.45435037420319,118.48846373076317,33140,"Michigan City-La Porte, IN",Michigan City-La Porte,IN,0.22117449,0.25546363,0.2581183,0.30922475,IN
"Midland, MI",9.504430938930684,2.9001211948385257,120486,119365,792.6018945945946,775.0559428571429,4584,155.45458506626508,154.0082378569687,33220,"Midland, MI",Midland,MI,0.3081646,0.41042456,0.36641955,0.47104606,MI
"Midland, TX",-3.078458789418941,-0.27129212241120243,147323,187744,1130.6813725868726,1127.4249498069498,10130,130.67211260955887,166.52460993713825,33260,"Midland, TX",Midland,TX,0.23858714,0.3602795,0.31079128,0.45006192,TX
"Milwaukee, WI",12.099757622145683,5.161547071259793,1504855,1521015,1368.3913038610037,1322.244091891892,63371,1138.1068058673077,1150.328452459714,33340,"Milwaukee-Waukesha-West Allis, WI",Milwaukee-Waukesha-West Allis,WI,0.32395992,0.42956898,0.36482447,0.46419871,WI
"Minneapolis, MN",8.704731861198738,3.7798366148148896,3310896,3549082,6850.294151737452,6495.090534362935,166677,509.75363353033634,546.4253317522246,33460,"Minneapolis-St. Paul-Bloomington, MN-WI",Minneapolis-St. Paul-Bloomington,MN-WI,0.36763227,0.47622299,0.41136688,0.51238036,MN
"Missoula, MT",14.569783145247667,5.642179921414031,116409,125091,3319.222967953668,3294.3074084942086,7911,35.336410833987486,37.971866158409824,33540,"Missoula, MT",Missoula,MT,0.28191999,0.33771703,0.35088956,0.39807907,MT
"Mobile, AL",9.946793116498586,5.767863383829254,413910,415316,1319.3172629343628,1256.1736776061775,13744,329.50061554288095,330.6198875233919,33660,"Mobile, AL",Mobile,AL,0.24979036,0.33998099,0.30248636,0.39268759,AL
"Modesto, CA",11.66218544557241,4.130226687641936,466579,492535,1270.4184737451737,1244.859620849421,13674,374.80450983029976,395.65505359063883,33700,"Modesto, CA",Modesto,CA,0.24801552,0.28783533,0.30633941,0.3433843,CA
"Monroe, LA",5.084022984351848,1.0219712640465142,183690,184404,2047.6390073359073,1985.2482733590734,7887,92.52746997190101,92.88712272142432,33740,"Monroe, LA",Monroe,LA,0.23971331,0.29752299,0.30708012,0.36061755,LA
"Monroe, MI",10.753364591357752,2.8242244524244167,141666,140077,465.14364594594593,448.2727861003861,3155,316.0263223480074,312.4816057172634,33780,"Monroe, MI",Monroe,MI,0.26368517,0.34763196,0.31968281,0.39080977,MI
"Montgomery, AL",8.142737648174657,2.650558761446015,377768,376467,2911.8731984555984,2849.9802397683397,12135,132.55109447029247,132.0946000771574,33860,"Montgomery, AL",Montgomery,AL,0.28549942,0.3871859,0.33606979,0.43529585,AL
"Morgantown, WV",8.791380342115076,2.1059965287114677,126390,136083,976.4141586872587,967.9202158301158,4397,130.5789443519416,140.5931994955714,34060,"Morgantown, WV",Morgantown,WV,0.22701259,0.32971185,0.29491743,0.39385688,WV
"Morristown, TN",4.895244809878143,6.4904290539972775,151254,159047,796.1127656370656,718.1837799227799,3829,210.6062601640252,221.45724318238007,34100,"Morristown, TN",Morristown,TN,0.19524617,0.2218056,0.23747069,0.25743532,TN
"Mount Vernon, WA",13.20037862013729,4.7784356701233275,112843,120353,1251.9349718146718,1216.2660818532818,6223,92.77821825636691,98.95285398127068,34580,"Mount Vernon-Anacortes, WA",Mount Vernon-Anacortes,WA,0.24356662,0.27726901,0.28708127,0.30309933,WA
"Muncie, IN",10.483242005894924,3.233567405814339,124647,121273,479.8199030888031,475.9784034749035,3796,261.8753268845992,254.78676997662197,34620,"Muncie, IN",Muncie,IN,0.27243227,0.34971789,0.32223454,0.39662257,IN
"Muskegon, MI",11.228647349107934,6.736901912010781,144546,145136,306.790561003861,256.345872972973,4503,563.8709854136788,566.1725633293186,34740,"Muskegon, MI",Muskegon,MI,0.20719473,0.26593983,0.23267305,0.28115052,MI
"Myrtle Beach, SC",9.544643227761403,1.8787564128512217,249828,306622,1006.566306949807,995.9084057915057,15650,250.8543943872502,307.8817270914687,34820,"Myrtle Beach-Conway-North Myrtle Beach, SC-NC",Myrtle Beach-Conway-North Myrtle Beach,SC-NC,0.18870682,0.24616851,0.23949762,0.29040796,SC
"Napa, CA",12.85180823544806,-3.1109692941090095,166926,171810,843.7646247104248,803.41908996139,8071,207.76952164283523,213.84854075132407,34900,"Napa, CA",Napa,CA,0.2240888,0.31304055,0.26811585,0.36613354,CA
"Naples, FL",10.395129306881083,-0.3195993558231052,247311,283385,678.2641366795367,562.3791571428571,18599,439.75847408081904,503.9038100909094,34940,"Naples-Immokalee-Marco Island, FL",Naples-Immokalee-Marco Island,FL,0.2173913,0.28339964,0.2681154,0.3334007,FL
"Nashville, TN",9.30486557689571,4.08147362343686,1563416,1770863,5816.075346332046,5743.691495752896,73736,272.197070674156,308.31443529121356,34980,"Nashville-Davidson--Murfreesboro--Franklin, TN",Nashville-Davidson--Murfreesboro--Franklin,TN,0.30752152,0.40069273,0.36409286,0.45780593,TN
"New Bern, NC",6.454251857459448,4.808403562211104,112686,110735,1249.7065544401544,1065.1264436293436,3556,105.7958899377527,103.96418252717326,35100,"New Bern, NC",New Bern,NC,0.24746436,0.32045582,0.28348973,0.34176874,NC
"New Haven, CT",13.945845087794465,1.4940453114736973,838178,833159,621.0014416988417,594.7465822393823,32442,1409.3027602513198,1400.86387190815,75700,"New Haven, CT",New Haven,CT,0.30614942,0.37781811,0.37195748,0.44189078,CT
"New Orleans, LA",7.882165426109476,4.754488779847331,1109797,1179135,2287.6630814671817,1646.2201602316602,49211,674.148590091271,716.2681082912198,35380,"New Orleans-Metairie, LA",New Orleans-Metairie,LA,0.27050275,0.35226095,0.32029042,0.40050876,LA
"New York, NY",8.916104526806864,0.9246314912235012,18929284,19335518,7054.358770270271,6593.158934749034,1023709,2871.0492477640437,2932.6637187665488,35620,"New York-Newark-Jersey City, NY-NJ-PA",New York-Newark-Jersey City,NY-NJ-PA,0.35236636,0.4659619,0.41956478,0.53913975,NY
"Niles, MI",7.880515811775784,5.884232655921514,121027,119414,517.0300922779923,496.5470718146718,4025,243.73721419340356,240.48878098020353,35660,"Niles-Benton Harbor, MI",Niles-Benton Harbor,MI,0.25128433,0.32533857,0.2792564,0.34913474,MI
"North Port, FL",10.181814618659638,1.6516480046634765,733700,842492,1337.0107536679536,1208.5932034749035,42779,607.0694406442898,697.0848401080674,35840,"North Port-Sarasota-Bradenton, FL",North Port-Sarasota-Bradenton,FL,0.2582643,0.33641356,0.30832794,0.39036193,FL
"Ocala, FL",8.374884526890172,5.4466713419210375,393904,424803,1835.1922482625482,1735.4456034749035,13313,226.9757111437439,244.78036024258662,36100,"Ocala, FL",Ocala,FL,0.20209664,0.26949722,0.24289994,0.31606284,FL
"Ocean City, NJ",16.052329413125488,2.690025716019208,89417,85699,206.288044015444,163.26906061776063,6144,547.6665307050409,524.8943043816199,36140,"Ocean City, NJ",Ocean City,NJ,0.19445275,0.22584306,0.25470829,0.28466079,NJ
"Odessa, TX",-9.209804304011444,6.142263745781518,126856,141044,614.4389768339768,612.091938996139,5775,207.24991119479552,230.4294355376075,36220,"Odessa, TX",Odessa,TX,0.20088267,0.26529139,0.26048112,0.3278093,TX
"Ogden, UT",15.548765147528187,6.1218163029603065,547184,608894,1225.0707,1215.5811185328184,23710,450.14190468871374,500.90774751003255,36260,"Ogden-Clearfield, UT",Ogden-Clearfield,UT,0.33691397,0.43255445,0.35278675,0.4294838,UT
"Oklahoma City, OK",7.711629717228269,4.851194937661667,1292880,1424318,6463.84542934363,6385.498623166023,62061,202.47126752318854,223.05509468480668,36420,"Oklahoma City, OK",Oklahoma City,OK,0.32024133,0.40652001,0.37340865,0.46068013,OK
"Olympia, WA",16.361550265918396,7.383950765835435,237814,264696,689.995327027027,639.6254424710424,10750,371.8019706678045,413.82969222957934,36500,"Olympia-Tumwater, WA",Olympia-Tumwater,WA,0.3852973,0.4797588,0.44053987,0.51748711,WA
"Omaha, NE",8.47806695963648,5.634975154563187,873118,938317,5044.7497911196915,4986.314418918919,39825,175.10287692393462,188.17846633173932,36540,"Omaha-Council Bluffs, NE-IA",Omaha-Council Bluffs,NE-IA,0.34043512,0.42004812,0.38899702,0.4640663,NE
"Orlando, FL",7.474260112867789,3.384739659478124,2107196,2470593,3321.8703559845558,2910.519832046332,120406,723.9930052352435,848.8493954919978,36740,"Orlando-Kissimmee-Sanford, FL",Orlando-Kissimmee-Sanford,FL,0.30913433,0.40698722,0.3507984,0.44835913,FL
"Oshkosh, WI",8.95662339560145,7.086544014520254,105400,107453,428.21727027027026,414.17893667953666,3395,254.4793823775527,259.4361771785121,36780,"Oshkosh-Neenah, WI",Oshkosh-Neenah,WI,0.29386073,0.36823598,0.31724948,0.38627639,WI
"Owensboro, KY",10.562348299247603,6.040987117393167,75666,77755,863.0880667953668,844.7449467181467,2290,89.57259856239936,92.04553433800336,36980,"Owensboro, KY",Owensboro,KY,0.2110448,0.24201423,0.25425699,0.27409276,KY
"Panama City, FL",5.715363245473821,6.530109922895476,181048,196294,1010.8883617760617,852.365584942085,8508,212.40651100701294,230.29320219837058,37460,"Panama City, FL",Panama City,FL,0.27824324,0.34998384,0.31020617,0.37866318,FL
"Parkersburg, WV",8.06473482777474,4.844620174869408,175148,172383,1822.8116250965252,1791.1493297297297,5329,97.78525837732829,96.24155682542182,37620,"Parkersburg-Vienna, WV",Parkersburg-Vienna,WV,0.24614441,0.36920315,0.30350935,0.4280656,WV
"Pensacola, FL",10.915003964226017,4.942555788482696,448500,487461,1519.985154054054,1433.4132416988418,16606,312.8895331456895,340.0701108511281,37860,"Pensacola-Ferry Pass-Brent, FL",Pensacola-Ferry Pass-Brent,FL,0.29036233,0.35213703,0.33499542,0.39884046,FL
"Peoria, IL",4.078029984765736,1.3449277384804585,362594,355351,2044.4766181467182,2002.5770262548263,11969,181.06369704945382,177.44685739482856,37900,"Peoria, IL",Peoria,IL,0.32186326,0.40816802,0.35138768,0.4142206,IL
"Philadelphia, PA",10.798870981754192,3.0876432762113373,5941166,6051831,4427.958762548263,4284.173959073359,254333,1386.770485222089,1412.6016025056497,37980,"Philadelphia-Camden-Wilmington, PA-NJ-DE-MD",Philadelphia-Camden-Wilmington,PA-NJ-DE-MD,0.34188336,0.43942869,0.40106103,0.49999312,PA
"Phoenix, AZ",16.753342202457926,6.613694175648388,4232617,4809032,15649.681127027026,15623.587838223939,179247,270.9119725780705,307.80586698750767,38060,"Phoenix-Mesa-Scottsdale, AZ",Phoenix-Mesa-Scottsdale,AZ,0.34667766,0.44133058,0.38884294,0.48088622,AZ
"Pine Bluff, AR",3.9639694057066057,3.5307213520844116,74945,69136,2410.3649482625483,2364.7929783783784,1909,31.69199193554457,29.235540122167052,38220,"Pine Bluff, AR",Pine Bluff,AR,0.22101925,0.23011872,0.27546775,0.28314459,AR
"Pittsburgh, PA",10.484478383295286,3.972824409392353,2360528,2334327,5564.469288416988,5506.240732432432,95791,428.70047182939186,423.9420529237903,38300,"Pittsburgh, PA",Pittsburgh,PA,0.31597543,0.3994509,0.36815506,0.45329663,PA
"Pittsfield, MA",10.044362601489913,2.9053751995742414,131219,126425,932.5880308880309,913.4455702702703,5716,143.65278487384302,138.40452470812613,76600,"Pittsfield, MA",Pittsfield,MA,0.28019553,0.35476792,0.32932425,0.40501913,MA
"Pocatello, ID",13.440483518943422,8.938071289968361,64008,66321,1474.1830216216215,1472.5548857142858,2800,43.467310197372996,45.03804961254803,38540,"Pocatello, ID",Pocatello,ID,0.25782228,0.31928506,0.2983416,0.35230783,ID
"Port St. Lucie, FL",9.057674221049119,3.2996850520875394,417439,465262,1092.7622440154441,1006.4993876447877,20153,414.7434217290572,462.25760860989175,38940,"Port St. Lucie, FL",Port St. Lucie,FL,0.27235156,0.32606894,0.32723862,0.38467833,FL
"Portland, ME",13.374074840009397,6.135682397711434,514464,532490,2404.0700768339766,2107.9393764478764,29413,244.0601498070271,252.6116291339022,76750,"Portland-South Portland, ME",Portland-South Portland,ME,0.34153235,0.44550616,0.38491789,0.48178625,ME
"Portland, OR",10.268956230297437,2.126530949041057,2296028,2520998,4637.147712741313,4532.273648648648,128995,506.5951833434833,556.2325215626964,38900,"Portland-Vancouver-Hillsboro, OR-WA",Portland-Vancouver-Hillsboro,OR-WA,0.34609646,0.43952808,0.39116162,0.47749302,OR
"Providence, RI",12.270606819341895,3.336623859032031,1600852,1618268,1758.127554826255,1586.9024725868726,69993,1008.7904125515588,1019.7652520901282,77200,"Providence-Warwick, RI-MA",Providence-Warwick,RI-MA,0.31182271,0.39236581,0.36166343,0.44020227,RI
"Provo, UT",14.19868514413809,4.411789087412337,519434,620113,2609.399767953668,2599.2289563706563,26777,199.84157175799308,238.57575088955358,39340,"Provo-Orem, UT",Provo-Orem,UT,0.39045295,0.49995038,0.42573538,0.53445166,UT
"Pueblo, CO",13.409553022645149,7.663461488726704,151475,156605,2626.533732818533,2614.7513501930503,4320,57.930938629715754,59.892884265434134,39380,"Pueblo, CO",Pueblo,CO,0.23212163,0.25160402,0.27505085,0.29389712,CO
"Punta Gorda, FL",12.410211812320737,0.4033383732018948,133142,152565,621.5543598455598,576.6203818532819,5519,230.90061362741997,264.58482010235184,39460,"Punta Gorda, FL",Punta Gorda,FL,0.17911726,0.22914267,0.22786549,0.27741969,FL
"Racine, WI",8.948513871769425,3.467863027633867,138259,139799,235.7333806949807,223.90326872586874,4117,617.4943348829556,624.3723050383868,39540,"Racine, WI",Racine,WI,0.23774509,0.3195897,0.26775187,0.34069699,WI
"Raleigh, NC",9.69195896280185,2.861457614986426,900428,1036389,1995.4474606177607,1971.5117555984557,48800,456.719569357411,525.6823841181725,39580,"Raleigh, NC",Raleigh,NC,0.35944811,0.49456331,0.41300467,0.54099578,NC
"Rapid City, SD",7.979900000834718,4.371871127082769,142525,155139,10598.433091891891,10571.947714285714,8326,13.481432546947627,14.674590169450328,39660,"Rapid City, SD",Rapid City,SD,0.23685537,0.2853744,0.28334743,0.32253391,SD
"Reading, PA",9.476194889254167,4.624628714816309,338505,345359,559.4626888030888,551.710905019305,10456,613.5550284041519,625.9782013696386,39740,"Reading, PA",Reading,PA,0.26327392,0.33007059,0.31614298,0.37022027,PA
"Redding, CA",11.073363204708086,3.724710370415776,172154,173570,3544.192638996139,3472.1157073359072,6999,49.581872987778596,49.989693498197724,39820,"Redding, CA",Redding,CA,0.26435575,0.30473611,0.31896758,0.35356098,CA
"Reno, NV",12.934644681243906,1.8140549291468053,424825,460431,5842.964567567567,5621.926405791505,22834,75.5657348275425,81.89915106780491,39900,"Reno, NV",Reno,NV,0.2589801,0.34564951,0.30929998,0.38923916,NV
"Richmond, VA",8.65213925160917,3.8359807126743832,1384485,1475169,7019.223209266409,6804.186905019305,62118,203.47545111947096,216.8031273379335,40060,"Richmond, VA",Richmond,VA,0.33731318,0.45246115,0.38674715,0.50246274,VA
"Riverside, CA",12.37974061921025,3.2132622781434037,4170209,4505876,9874.33188957529,9828.782715830115,134303,424.28539937946874,458.43683091527623,40140,"Riverside-San Bernardino-Ontario, CA",Riverside-San Bernardino-Ontario,CA,0.248191,0.30152175,0.30143875,0.3496232,CA
"Roanoke, VA",8.293115739482309,4.410393544911915,290999,294663,1907.6581432432433,1889.8425501930503,12849,153.98055249114483,155.91933834376823,40220,"Roanoke, VA",Roanoke,VA,0.26184613,0.32308793,0.31594259,0.37510112,VA
"Rochester, MN",7.597850509875399,4.493579854667365,181842,192555,1474.480530888031,1460.8834092664092,7095,124.47399898347328,131.80723306091386,40340,"Rochester, MN",Rochester,MN,0.24306482,0.30965853,0.29439834,0.34877658,MN
"Rochester, NY",10.680507359812388,4.413853381405004,1041129,1035404,2819.493235135135,2791.9404401544402,38423,372.90516123703856,370.854616061482,40380,"Rochester, NY",Rochester,NY,0.33922747,0.40852714,0.39265522,0.45416301,NY
"Rockford, IL",9.143443323645068,3.5858446674339817,293736,286832,592.0462571428571,586.9668108108108,10317,500.4303388027096,488.6681746175437,40420,"Rockford, IL",Rockford,IL,0.25203148,0.30058146,0.29251796,0.32495639,IL
"Rocky Mount, NC",9.11206337499841,4.845965258604614,139564,135627,607.4575320463321,602.7614810810811,4375,231.54100648516123,225.00940132529138,40580,"Rocky Mount, NC",Rocky Mount,NC,0.22235194,0.26582471,0.25984055,0.30102256,NC
"Rome, GA",9.763793140708405,8.196714849401033,46816,48301,300.1734444015444,294.8075528957529,1597,158.80190158002713,163.83908595815302,40660,"Rome, GA",Rome,GA,0.22382703,0.28373984,0.27734238,0.33074236,GA
"Sacramento, CA",11.61818158683841,4.379451205413172,2209489,2380516,5096.927435135135,5019.393163320463,91178,440.19046289220427,474.2637053012251,40900,"Sacramento--Roseville--Arden-Arcade, CA",Sacramento--Roseville--Arden-Arcade,CA,0.3502709,0.44375852,0.40342751,0.4892731,CA
"Saginaw, MI",14.383171708399672,6.4035708920792285,142964,136877,371.8123934362934,360.5609501930502,4493,396.50439107023305,379.6223632279475,40980,"Saginaw, MI",Saginaw,MI,0.23427187,0.28549826,0.27311924,0.32497358,MI
"Salem, OR",10.63150392896699,3.3918411573879244,289515,313402,774.9911567567568,768.4352181467182,13361,376.759150495784,407.8443993702561,41420,"Salem, OR",Salem,OR,0.29286161,0.35281464,0.35163167,0.40096799,OR
"Salinas, CA",10.509798387591571,2.0798998899934977,489095,511207,3295.8221934362937,3241.681196911197,17493,150.87695867996806,157.69811062454212,41500,"Salinas, CA",Salinas,CA,0.21735431,0.30006251,0.25850368,0.33795309,CA
"Salt Lake City, UT",14.405038109694605,4.694465666078957,1071123,1178267,2151.026496911197,2115.9853586872587,58734,506.20529844522014,556.8408094898105,41620,"Salt Lake City, UT",Salt Lake City,UT,0.39780337,0.48986137,0.43339336,0.52558041,UT
"San Angelo, TX",8.690064042993544,0.3192970187949836,113045,120872,2366.973519305019,2348.3872722007723,4713,48.13729036014609,51.470215935349444,41660,"San Angelo, TX",San Angelo,TX,0.27410376,0.31661162,0.33316553,0.38073868,TX
"San Antonio, TX",7.679342409265388,3.1889387152196282,2140051,2463804,7617.925059073359,7558.658618532819,80781,283.1257645044164,325.9578351586196,41700,"San Antonio-New Braunfels, TX",San Antonio-New Braunfels,TX,0.3269262,0.41764671,0.37705666,0.4631488,TX
"San Diego, CA",13.758604274524847,4.427409373218447,3041838,3260294,2725.033786100386,2688.791005791506,156427,1131.3032487270489,1212.550173285134,41740,"San Diego-Carlsbad, CA",San Diego-Carlsbad,CA,0.3477357,0.45893136,0.39516366000000003,0.50030339,CA
"San Francisco, CA",6.294920059632403,1.8784473706188107,4453606,4836168,2721.3615884169885,2598.56192007722,245648,1713.8733410930824,1861.0940007372565,41860,"San Francisco-Oakland-Hayward, CA",San Francisco-Oakland-Hayward,CA,0.39781314,0.53622544,0.44755739,0.5840202,CA
"San Jose, CA",7.053394978251856,-0.2306554685698004,1822974,1972474,2547.530793822394,2535.351046718147,89778,719.0223233030099,777.9885166408195,41940,"San Jose-Sunnyvale-Santa Clara, CA",San Jose-Sunnyvale-Santa Clara,CA,0.47426072,0.63637751,0.51112145,0.66457206,CA
"San Luis Obispo, CA",7.962133724797712,2.906368060570727,356515,373141,2690.556102702703,2651.2453606177605,17557,134.47076807592387,140.74178329275992,42020,"San Luis Obispo-Paso Robles-Arroyo Grande, CA",San Luis Obispo-Paso Robles-Arroyo Grande,CA,0.25224799,0.32955092,0.3068558,0.36732909,CA
"Santa Cruz, CA",11.363442463922445,-0.35927616387139855,188379,196903,307.8257335907336,298.6764471042471,9793,630.7126049823743,659.2518489791561,42100,"Santa Cruz-Watsonville, CA",Santa Cruz-Watsonville,CA,0.2935839,0.39231578,0.34384391,0.43725133,CA
"Santa Fe, NM",8.773806246330238,5.656506371037262,126696,131623,832.7295822393822,831.6611177606177,8124,152.3408961827499,158.26518420677914,42140,"Santa Fe, NM",Santa Fe,NM,0.33923164,0.43170851,0.39852861,0.49008697,NM
"Santa Rosa, CA",7.019057368107433,1.9456837440488668,451303,464675,1518.1390494208495,1502.8172397683397,22660,300.3046465381038,309.2026014231976,42220,"Santa Rosa, CA",Santa Rosa,CA,0.28310573,0.3749643,0.33938694,0.42393923,CA
"Savannah, GA",5.915807466058501,3.5254321912251143,352686,391865,1206.6030532818534,1159.9307038610038,16024,304.05781899386886,337.8348367670744,42340,"Savannah, GA",Savannah,GA,0.25080073,0.3287355,0.3030524,0.36976883,GA
"Scranton, PA",12.250455132494126,4.254850927865592,523508,516265,1758.5981142857142,1728.9961803088804,17711,302.7814670512903,298.5923311338783,42540,"Scranton--Wilkes-Barre--Hazleton, PA",Scranton--Wilkes-Barre--Hazleton,PA,0.24909435,0.30590999,0.30106217,0.35706991,PA
"Seattle, WA",12.797530568510226,4.51644009445312,3406020,3835346,4920.597171814672,4687.218837451737,193259,726.6611861143065,818.2562267745817,42660,"Seattle-Tacoma-Bellevue, WA",Seattle-Tacoma-Bellevue,WA,0.37474459,0.49018329,0.42281505,0.53369951,WA
"Sebring, FL",11.595983090824745,3.483863228201157,75207,78765,996.406071042471,917.3183513513513,2630,81.98571399908057,85.8644110672887,42700,"Sebring, FL",Sebring,FL,0.21527778,0.21369685,0.28824487,0.29403579,FL
"Sheboygan, WI",10.650829877415207,5.091240333871303,102946,102670,346.1178648648649,332.78239498069496,3716,309.3492971765288,308.5199263799877,43100,"Sheboygan, WI",Sheboygan,WI,0.2467314,0.33989111,0.27550825,0.35662973,WI
"Sherman, TX",9.680452143466937,3.197092503389195,98728,106142,631.756145945946,608.6537683397684,3403,162.2071613378842,174.38814235805145,43300,"Sherman-Denison, TX",Sherman-Denison,TX,0.25330776,0.27163905,0.29935434,0.3038756,TX
"Shreveport, LA",4.237951090098976,0.31061439876102265,397436,397826,2773.420255212355,2665.5123138996137,14832,149.10304406681047,149.24935740326225,43340,"Shreveport-Bossier City, LA",Shreveport-Bossier City,LA,0.24113959,0.28996527,0.29716572,0.3393575,LA
"Sierra Vista, AZ",10.146291983525755,8.048499250982985,123714,119324,5196.893379150579,5176.989259459459,2917,23.896901036437004,23.048917820713978,43420,"Sierra Vista-Douglas, AZ",Sierra Vista-Douglas,AZ,0.35984993,0.46716473,0.41075763,0.49797595,AZ
"Sioux City, IA",4.239635035519821,0.608715322763074,165548,165997,3212.9799826254825,3187.7926173745172,5690,51.9318600268126,52.07270984168223,43580,"Sioux City, IA-NE-SD",Sioux City,IA-NE-SD,0.23079897,0.27648738,0.27335745,0.32779449,IA
"Sioux Falls, SD",6.790254303985292,3.2570585793643083,230168,261217,2830.999866795367,2819.8019644787646,12949,81.6255903426701,92.63664728607475,43620,"Sioux Falls, SD",Sioux Falls,SD,0.29081249,0.36277238,0.34037104,0.40788794,SD
"South Bend, IN",13.061962668538188,4.5039957182142,260974,263113,673.6438945945946,649.8817679536679,8939,401.57150557054194,404.8628734861787,43780,"South Bend-Mishawaka, IN-MI",South Bend-Mishawaka,IN-MI,0.27566135,0.34196228,0.32677719,0.38517532,IN
"Spartanburg, SC",9.494024349380096,5.498660015044302,196447,217298,416.88545598455596,409.8700436293436,7697,479.2909436866585,530.1631660510138,43900,"Spartanburg, SC",Spartanburg,SC,0.2362117,0.30303571,0.27095395,0.32709742,SC
"Spokane, WA",15.963263042994056,9.798526223285096,473579,506026,2134.438546718147,2109.5540374517377,22900,224.49247167522938,239.873447665394,44060,"Spokane-Spokane Valley, WA",Spokane-Spokane Valley,WA,0.28824699,0.34493747,0.34154212,0.38370025,WA
"Springfield, IL",3.768826115154572,0.9823639470217249,200506,199433,1008.0370945945946,995.078423938224,8090,201.4976861888503,200.41937921908064,44100,"Springfield, IL",Springfield,IL,0.38129437,0.46403995,0.42916358,0.49849075,IL
"Springfield, MA",11.262764681212145,4.324477284773946,693392,700259,1916.4259115830116,1855.453635135135,22138,373.7048379274103,377.40581965498654,78100,"Springfield, MA-CT",Springfield,MA-CT,0.30223149,0.35632816,0.35325184,0.40119877,MA
"Springfield, MO",11.343752380617525,5.956581123312297,403428,424360,3140.7838525096527,3114.7929783783784,18644,129.52000431503234,136.2401941142586,44180,"Springfield, MO",Springfield,MO,0.28283477,0.34036371,0.33333564,0.38588983,MO
"Springfield, OH",12.42094865627773,4.959460882383911,132980,129632,352.0480084942085,347.5134957528958,3489,382.66139768729226,373.0272394720941,44220,"Springfield, OH",Springfield,OH,0.23694029,0.2833592,0.29054794,0.33243307,OH
"St. Cloud, MN",9.886531466619454,2.265162280994573,193348,202661,2321.10988957529,2253.1417733590733,7897,85.81262053108586,89.94596007949599,41060,"St. Cloud, MN",St. Cloud,MN,0.26321632,0.30679321,0.31593502,0.3506667,MN
"St. George, UT",13.033423909698966,4.296688797139327,137008,164638,1366.9006266409267,1363.6622235521236,9525,100.47062801455034,120.73224377452075,41100,"St. George, UT",St. George,UT,0.23523147,0.29471567,0.28970098,0.35072196,UT
"St. Joseph, MO",6.305536293118741,4.734489327157048,118792,117819,1630.7305046332046,1613.9681764478764,3812,73.60244255958315,72.99958061087891,41140,"St. Joseph, MO-KS",St. Joseph,MO-KS,0.25756466,0.29912418,0.30387238,0.33971831,MO
"St. Louis, MO",9.078183952269288,3.0444817743543515,2859405,2875111,10286.532369498069,10077.906911969112,125135,283.7300468219252,285.28850535276825,41180,"St. Louis, MO-IL",St. Louis,MO-IL,0.32588252,0.41826496,0.37592381,0.46641737,MO
"State College, PA",5.5890052356020945,2.2276994788152304,137015,143991,645.4441011583011,645.1765563706564,4812,212.36822486352767,223.18076901305852,44300,"State College, PA",State College,PA,0.29183468,0.36360225,0.36125666,0.42701855,PA
"Staunton, VA",5.661586244512882,3.086909879256573,114475,117426,1058.106640926641,1053.3321745173746,4228,108.67891703056655,111.48050239118854,44420,"Staunton-Waynesboro, VA",Staunton-Waynesboro,VA,0.22543751,0.26315528,0.28577051,0.32333127,VA
"Stockton, CA",13.501788312354554,3.0660392784774193,614626,658716,1190.5058725868726,1164.5303675675675,17966,527.7887267841803,565.6494826973934,44700,"Stockton-Lodi, CA",Stockton-Lodi,CA,0.22769897,0.27840576,0.28545684,0.32741696,CA
"Sumter, SC",6.622713454291384,3.367519229566631,113781,113042,920.0061976833977,895.8817301158301,2881,127.00448750672598,126.17960183805133,44940,"Sumter, SC",Sumter,SC,0.22416908,0.28086683,0.27269158,0.33070678,SC
"Syracuse, NY",11.569208255376232,4.2928370371143565,593799,583315,2416.0953934362933,2382.179794980695,21234,249.26707935779973,244.86606814022076,45060,"Syracuse, NY",Syracuse,NY,0.32639894,0.39347753,0.38042909,0.4399682,NY
"Tallahassee, FL",8.032502520071022,2.8993815626157713,372046,386474,2622.119391891892,2499.7504590733593,15634,148.83325599544642,154.60503211319073,45220,"Tallahassee, FL",Tallahassee,FL,0.38014126,0.44594127,0.43416938,0.49343306,FL
"Tampa, FL",13.078764546671486,3.892377675743197,2776089,3084405,2723.180076061776,2501.362783783784,141928,1109.8306163333257,1233.0898260724318,45300,"Tampa-St. Petersburg-Clearwater, FL",Tampa-St. Petersburg-Clearwater,FL,0.34797734,0.43807134,0.39938056,0.49317366,FL
"Terre Haute, IN",5.26371740550063,3.4224191723160553,174868,172141,1538.3630907335908,1518.1293467181467,5245,115.18649605056721,113.39020642221956,45460,"Terre Haute, IN",Terre Haute,IN,0.2212273,0.24653159,0.26568964,0.2922712,IN
"Texarkana, TX",2.5191383689868796,8.406463102916886,138681,139722,1672.233042857143,1621.5548111969113,4669,85.5234735467474,86.16544999602425,45500,"Texarkana, TX-AR",Texarkana,TX-AR,0.23841801,0.25641912,0.29689381,0.31172878,TX
"The Villages, FL",3.249162789268682,4.553835233574375,40818,63582,387.5277536679537,359.8706135135135,1199,113.42409873782941,176.6801667389061,45540,"The Villages, FL",The Villages,FL,0.14732754,0.22181602,0.19269684,0.27297512,FL
"Toledo, OH",10.32208977935582,6.359936538594193,635691,628193,1540.9027351351351,1515.6512787644788,22380,419.4177175888371,414.47066934294236,45780,"Toledo, OH",Toledo,OH,0.25834081,0.31394958,0.30763268,0.35740691,OH
"Topeka, KS",8.987898711430264,4.716249316942501,211650,210037,2517.3550675675674,2472.009136679537,6493,85.61861558662905,84.96610990771937,45820,"Topeka, KS",Topeka,KS,0.32149363,0.39753208,0.37747237,0.44099402,KS
"Trenton, NJ",8.449437239636321,3.613486352192547,267880,264595,134.36740694980693,131.29158108108106,11597,2040.3440783805227,2015.3234336982769,45940,"Trenton, NJ",Trenton,NJ,0.42696351,0.54826015,0.49445292,0.60267299,NJ
"Tucson, AZ",14.562781941247374,6.284643119809137,937014,974966,2845.224657915058,2844.0894845559847,34767,329.4600978936095,342.8042631198049,46060,"Tucson, AZ",Tucson,AZ,0.3300246,0.40594903,0.37286454,0.4464902,AZ
"Tulsa, OK",9.118025683694936,3.908862525700754,904929,952930,5940.797357142857,5786.523571428572,39908,156.38560680339404,164.68091562007436,46140,"Tulsa, OK",Tulsa,OK,0.29516971,0.38411924,0.35133934,0.43774456,OK
"Tuscaloosa, AL",6.318855261491706,4.074330143250489,227994,238660,3312.2395583011585,3255.527340926641,6892,70.0328936371656,73.30916776514269,46220,"Tuscaloosa, AL",Tuscaloosa,AL,0.22178003,0.2819863,0.26611057,0.30648509,AL
"Tyler, TX",7.4284561049445,3.9545832810843473,212561,228843,991.9320247104247,962.8508042471043,10000,220.76213579757132,237.67233614032497,46340,"Tyler, TX",Tyler,TX,0.2638205,0.31061065,0.32635415,0.36476904,TX
"Utica, NY",7.546726874771285,5.111374390145188,276277,269477,2698.7693316602317,2637.4638532818535,8170,104.75100906358301,102.17277467696246,46540,"Utica-Rome, NY",Utica-Rome,NY,0.30828804,0.35758936,0.3710514,0.40434927,NY
"Valdosta, GA",8.466098278410703,3.3222380725947063,146575,151361,1641.8811706563706,1607.8071922779923,5260,91.1645380764393,94.14126316075681,46660,"Valdosta, GA",Valdosta,GA,0.21128754,0.28460109,0.28307438,0.34262639,GA
"Vallejo, CA",9.687077261814327,2.1861637907316234,353779,376664,433.91289884169885,422.70539305019304,11264,836.9398777885747,891.0792390937723,46700,"Vallejo-Fairfield, CA",Vallejo-Fairfield,CA,0.24401052,0.30841136,0.30010083,0.35476646,CA
"Victoria, TX",8.738962823096522,2.7529086459038377,129095,135717,3122.7531478764477,2884.5339254826254,5104,44.75419715453702,47.04988864961695,47020,"Victoria, TX",Victoria,TX,0.25128824,0.26470685,0.31288674,0.33172381,TX
"Vineland, NJ",18.009640516437475,-0.059161778605080706,69603,68239,304.4042698841699,288.7729003861004,1452,241.03023485561883,236.30679994127513,47220,"Vineland-Bridgeton, NJ",Vineland-Bridgeton,NJ,0.22530302,0.23147467,0.27818686,0.2830539,NJ
"Virginia Beach, VA",8.578815313725304,3.1487357471615818,1634069,1680325,3043.747148648649,2514.501953667954,64138,649.8579162431555,668.2536068619381,47260,"Virginia Beach-Norfolk-Newport News, VA-NC",Virginia Beach-Norfolk-Newport News,VA-NC,0.30519652,0.39614105,0.34641182,0.42769811,VA
"Visalia, CA",12.752171157471434,3.3132748655012674,408717,425482,2901.0995691119692,2891.3355247104246,10132,141.35924264304612,147.15760117207884,47300,"Visalia-Porterville, CA",Visalia-Porterville,CA,0.21882217,0.27207389,0.26936284,0.32376823,CA
"Waco, TX",10.448542209380369,4.773740433624485,225376,242129,1161.3203637065637,1135.8054525096525,8138,198.42834836020006,213.1782335302201,47380,"Waco, TX",Waco,TX,0.29967549,0.3680484,0.3473382,0.40433186,TX
"Walla Walla, WA",6.571217137834354,4.449618181851565,17878,18967,1104.7820613899614,1076.0118374517374,213,16.6150588476234,17.62712949786738,47460,"Walla Walla, WA",Walla Walla,WA,0.28889835,0.34419036,0.3482103,0.39794746,WA
"Warner Robins, GA",6.7176976904628924,3.9964910212445774,132758,144503,572.4784606177606,565.5239424710425,3718,234.75221830558985,255.52056977216176,47580,"Warner Robins, GA",Warner Robins,GA,0.33585522,0.45605308,0.35000509,0.44824097,GA
"Washington, DC",9.361404159136663,2.803928742789162,5510872,6050912,5458.507097683398,5294.010581853282,269834,1040.9635407398073,1142.9731592795094,47900,"Washington-Arlington-Alexandria, DC-VA-MD-WV",Washington-Arlington-Alexandria,DC-VA-MD-WV,0.44660702,0.59701127,0.49770674,0.64398098,DC
"Waterloo, IA",3.3079252098162115,2.1095578252178124,188067,189564,2265.6334552123553,2255.3196034749035,6601,83.38818130709019,84.05194532425809,47940,"Waterloo-Cedar Falls, IA",Waterloo-Cedar Falls,IA,0.26490468,0.3123852,0.30636242,0.34740162,IA
"Watertown, NY",4.534442627289446,3.066727766223695,114865,111402,1226.7298652509653,1202.540291891892,3453,95.51862900102006,92.63889181188036,48060,"Watertown-Fort Drum, NY",Watertown-Fort Drum,NY,0.26954299,0.2966409,0.31780127,0.3408525,NY
"Wausau, WI",7.727903363822911,5.737347876719026,147355,147454,1975.0348795366795,1963.4883277992278,5874,75.0475558798776,75.09797634767381,48140,"Wausau, WI",Wausau,WI,0.26594284,0.32284588,0.30669415,0.36500844,WI
"Wenatchee, WA",9.768044051351646,4.962492787074437,112630,119525,4240.920864478764,4138.098413513513,5733,27.21781570786033,28.884039975867935,48300,"Wenatchee, WA",Wenatchee,WA,0.19896594,0.22785683,0.24785352,0.26920587,WA
"Wichita Falls, TX",8.876608395115767,-1.172564272839389,162002,161394,3104.7908633204634,3044.722001930502,5596,53.207484918913075,53.00779509514115,48660,"Wichita Falls, TX",Wichita Falls,TX,0.27085584,0.31141201,0.31768787,0.35766387,TX
"Wichita, KS",10.332700404524065,4.480805448454361,596187,611649,4098.489037065637,4067.9845884169886,22450,146.55586496014715,150.35676431557388,48620,"Wichita, KS",Wichita,KS,0.29718778,0.36983702,0.33535591,0.3976042,KS
"Williamsport, PA",2.6108925923103525,5.583249640553502,95335,93630,1200.9865366795366,1188.7917984555984,3410,80.19486685881672,78.76063758316474,48700,"Williamsport, PA",Williamsport,PA,0.2386073,0.2954084,0.29523155,0.35392398,PA
"Wilmington, NC",7.014251951586335,5.920876668780902,377018,433424,2205.592268725869,2121.859474131274,19852,177.6828317786491,204.26611907343735,48900,"Wilmington, NC",Wilmington,NC,0.26419732,0.35331386,0.31352213,0.40209645,NC
"Winchester, VA",9.111022774648298,2.5613801163814744,104919,109868,1065.9007633204633,1060.7568764478765,4793,98.909563849672125,103.57510042066524,49020,"Winchester, VA-WV",Winchester,VA-WV,0.23115605,0.29355648,0.27867803,0.34275076,VA
"Winston, NC",11.160036440935317,6.132427281014337,282312,291550,769.5516791505792,758.2967737451737,11636,372.2975090684893,384.4800744173753,49180,"Winston-Salem, NC",Winston-Salem,NC,0.26187831,0.35168767,0.30600369,0.38887295,NC
"Worcester, MA",13.082047585583172,4.3111601642879345,796645,822431,1524.656755984556,1472.229376061776,28709,541.1147290995042,558.6296628586564,79600,"Worcester, MA-CT",Worcester,MA-CT,0.31928214,0.38053605,0.36986655,0.42283213,MA
"Yakima, WA",10.309222293212567,11.605518101939309,172584,175056,1779.1571092664092,1775.9326146718147,5327,97.17936287345725,98.57130757877863,49420,"Yakima, WA",Yakima,WA,0.23297589,0.25739917,0.29090744,0.30790058,WA
"York, PA",8.975103984568088,4.725947747887433,364729,372431,763.5306579150579,758.8796687258688,10854,480.61506327131764,490.764234895498,49620,"York-Hanover, PA",York-Hanover,PA,0.25058788,0.32871148,0.29218242,0.36305711,PA
"Youngstown, OH",14.296043993682567,3.792142163567454,480949,461018,1134.1138328185327,1101.1170571428572,15876,436.7828078587311,418.68209833769583,49660,"Youngstown-Warren-Boardman, OH-PA",Youngstown-Warren-Boardman,OH-PA,0.24041753,0.28764063,0.28898236,0.32354,OH
"Yuba City, CA",10.576970944028673,4.71689192493927,133002,136710,848.3279277992278,835.141283011583,3305,159.2568858773029,163.69685319232852,49700,"Yuba City, CA",Yuba City,CA,0.24950467,0.29240558,0.31410834,0.35860741,CA
"Yuma, AZ",14.058682042923564,7.235837172363849,195038,208985,2015.6541162162162,2010.5906996138997,5255,97.00532288220262,103.94209027234238,49740,"Yuma, AZ",Yuma,AZ,0.24496481,0.27326667,0.28302735,0.31503668,AZ
